name,type,diretorio,accuracy,loss,val_accuracy,val_loss,l2,dropout,min_lr,factor,patience,patienceReduce,batch_size,epoch,time,seed
AffectnetBalanced,best,models/tests/AffectnetBalanced/AffectnetBalanced_0,0.7103658318519592,0.7232581973075867,0.6998916864395142,0.7977978587150574,0.0001,0.1,1e-07,0.1,10,5,32,31,2681.4104790250003,6743.0
AffectnetBalanced,best,models/tests/AffectnetBalanced/AffectnetBalanced_1,0.7171409130096436,0.715202808380127,0.7128927707672119,0.732477605342865,0.0001,0.1,1e-07,0.2,10,5,32,27,2329.418918018,6743.0
AffectnetBalanced,best,models/tests/AffectnetBalanced/AffectnetBalanced_2,0.707317054271698,0.7371983528137207,0.7109967470169067,0.7172488570213318,0.0001,0.1,1e-07,0.3,10,5,32,25,2214.699731115,6743.0
AffectnetBalanced,best,models/tests/AffectnetBalanced/AffectnetBalanced_3,0.7075203061103821,0.7353246808052063,0.7207475900650024,0.7226268649101257,0.0001,0.1,1e-07,0.4,10,5,32,26,2267.532404593001,6743.0
AffectnetBalanced,best,models/tests/AffectnetBalanced/AffectnetBalanced_4,0.6703929305076599,0.8094404935836792,0.7099133133888245,0.743703305721283,0.0001,0.1,1e-07,0.5,10,5,32,18,1781.0182131639997,6743.0
AffectnetBalanced,best,models/tests/AffectnetBalanced/AffectnetBalanced_5,0.6974254846572876,0.7518430948257446,0.71370530128479,0.7375170588493347,0.0001,0.2,1e-07,0.1,10,5,32,31,2576.9819936210006,6743.0
AffectnetBalanced,best,models/tests/AffectnetBalanced/AffectnetBalanced_6,0.7199187278747559,0.7068530917167664,0.7207475900650024,0.7181590795516968,0.0001,0.2,1e-07,0.2,10,5,32,39,3079.017453608998,6743.0
AffectnetBalanced,best,models/tests/AffectnetBalanced/AffectnetBalanced_7,0.6883468627929688,0.7778297662734985,0.7099133133888245,0.742922306060791,0.0001,0.2,1e-07,0.3,10,5,32,22,2037.4454204229987,6743.0
AffectnetBalanced,best,models/tests/AffectnetBalanced/AffectnetBalanced_8,0.6828590631484985,0.7779055237770081,0.6912242770195007,0.7724061012268066,0.0001,0.2,1e-07,0.4,10,5,32,29,2474.261808998999,6743.0
AffectnetBalanced,best,models/tests/AffectnetBalanced/AffectnetBalanced_9,0.6974254846572876,0.7586735486984253,0.7112675905227661,0.7440863251686096,0.0001,0.2,1e-07,0.5,10,5,32,27,2354.601318076002,6743.0
AffectnetBalanced,best,models/tests/AffectnetBalanced/AffectnetBalanced_10,0.6974254846572876,0.757609486579895,0.71370530128479,0.7372327446937561,0.0001,0.3,1e-07,0.1,10,5,32,32,2651.3021606380025,6743.0
AffectnetBalanced,best,models/tests/AffectnetBalanced/AffectnetBalanced_11,0.7027778029441833,0.744195818901062,0.7004333734512329,0.7517735958099365,0.0001,0.3,1e-07,0.2,10,5,32,35,2873.970508798,6743.0
AffectnetBalanced,best,models/tests/AffectnetBalanced/AffectnetBalanced_12,0.7001355290412903,0.7385739088058472,0.7166846990585327,0.7380264401435852,0.0001,0.3,1e-07,0.3,10,5,32,35,2886.8059721030004,6743.0
AffectnetBalanced,best,models/tests/AffectnetBalanced/AffectnetBalanced_13,0.6969512104988098,0.747649610042572,0.7145178914070129,0.7365638017654419,0.0001,0.3,1e-07,0.4,10,5,32,49,3783.873051742994,6743.0
AffectnetBalanced,best,models/tests/AffectnetBalanced/AffectnetBalanced_14,0.7179539203643799,0.714155375957489,0.7280606627464294,0.7112130522727966,0.0001,0.3,1e-07,0.5,10,5,32,50,3881.811996356999,6743.0
AffectnetBalanced,best,models/tests/AffectnetBalanced/AffectnetBalanced_15,0.6779133081436157,0.796000599861145,0.7017876505851746,0.7540529370307922,0.0001,0.4,1e-07,0.1,10,5,32,31,2677.172792741003,6743.0
AffectnetBalanced,best,models/tests/AffectnetBalanced/AffectnetBalanced_16,0.6541327834129333,0.8445393443107605,0.6898699998855591,0.7815666198730469,0.0001,0.4,1e-07,0.2,10,5,32,20,1967.8837595759976,6743.0
AffectnetBalanced,best,models/tests/AffectnetBalanced/AffectnetBalanced_17,0.688482403755188,0.7714412212371826,0.7039545178413391,0.7467045783996582,0.0001,0.4,1e-07,0.3,10,5,32,43,3475.9020097309985,6743.0
AffectnetBalanced,best,models/tests/AffectnetBalanced/AffectnetBalanced_18,0.6489837169647217,0.8443346619606018,0.6844528913497925,0.7828193306922913,0.0001,0.4,1e-07,0.4,10,5,32,20,1981.9733871860008,6743.0
AffectnetBalanced,best,models/tests/AffectnetBalanced/AffectnetBalanced_19,0.7021680474281311,0.7491216063499451,0.7221018671989441,0.7313950061798096,0.0001,0.4,1e-07,0.5,10,5,32,60,4583.884495764003,6743.0
AffectnetBalanced,best,models/tests/AffectnetBalanced/AffectnetBalanced_20,0.6229674816131592,0.9080730676651,0.6562838554382324,0.8155906200408936,0.0001,0.5,1e-07,0.1,10,5,32,20,1995.450618051,6743.0
AffectnetBalanced,best,models/tests/AffectnetBalanced/AffectnetBalanced_21,0.599119246006012,0.9421512484550476,0.627843976020813,0.8953875303268433,0.0001,0.5,1e-07,0.2,10,5,32,14,1520.948771825,6743.0
AffectnetBalanced,best,models/tests/AffectnetBalanced/AffectnetBalanced_22,0.6694444417953491,0.8071382641792297,0.6830986142158508,0.7739787697792053,0.0001,0.5,1e-07,0.3,10,5,32,35,2820.407335186,6743.0
AffectnetBalanced,best,models/tests/AffectnetBalanced/AffectnetBalanced_23,0.6780487895011902,0.7838822603225708,0.7069339156150818,0.7365755438804626,0.0001,0.5,1e-07,0.4,10,5,32,50,3759.619288691001,6743.0
AffectnetBalanced,best,models/tests/AffectnetBalanced/AffectnetBalanced_24,0.6673441529273987,0.8036698698997498,0.6998916864395142,0.7558508515357971,0.0001,0.5,1e-07,0.5,10,5,32,53,3938.547858776001,6743.0
AffectnetBalanced,best,models/tests/AffectnetBalanced/AffectnetBalanced_25,0.5996612310409546,0.9238736033439636,0.629469096660614,0.8779841661453247,0.0001,0.6,1e-07,0.1,10,5,32,24,2133.1390483060004,6743.0
AffectnetBalanced,best,models/tests/AffectnetBalanced/AffectnetBalanced_26,0.647357702255249,0.8429325222969055,0.6801191568374634,0.7754514813423157,0.0001,0.6,1e-07,0.2,10,5,32,51,3804.309729659,6743.0
AffectnetBalanced,best,models/tests/AffectnetBalanced/AffectnetBalanced_27,0.6327235698699951,0.8667270541191101,0.661700963973999,0.8130144476890564,0.0001,0.6,1e-07,0.3,10,5,32,35,2849.6421921200017,6743.0
AffectnetBalanced,best,models/tests/AffectnetBalanced/AffectnetBalanced_28,0.6472222208976746,0.8399578928947449,0.6768689155578613,0.7685431838035583,0.0001,0.6,1e-07,0.4,10,5,32,43,3327.064479727,6743.0
AffectnetBalanced,best,models/tests/AffectnetBalanced/AffectnetBalanced_29,0.5911924242973328,0.9588204622268676,0.6302816867828369,0.875702440738678,0.0001,0.6,1e-07,0.5,10,5,32,20,1898.5137055999985,6743.0
AffectnetBalanced,best,models/tests/AffectnetBalanced/AffectnetBalanced_30,0.5291327834129333,1.0708532333374023,0.5406283736228943,1.119668960571289,0.0001,0.7,1e-07,0.1,10,5,32,16,1652.1762297480018,6743.0
AffectnetBalanced,best,models/tests/AffectnetBalanced/AffectnetBalanced_31,0.5697154402732849,0.999029815196991,0.6056337952613831,0.9189085960388184,0.0001,0.7,1e-07,0.2,10,5,32,21,1965.9235996009995,6743.0
AffectnetBalanced,best,models/tests/AffectnetBalanced/AffectnetBalanced_32,0.6499999761581421,0.8456573486328125,0.6774106025695801,0.7857229709625244,0.0001,0.7,1e-07,0.3,10,5,32,55,4503.491673460001,6743.0
AffectnetBalanced,best,models/tests/AffectnetBalanced/AffectnetBalanced_33,0.6304200291633606,0.8620678186416626,0.6744312047958374,0.7865429520606995,0.0001,0.7,1e-07,0.4,10,5,32,51,3862.264588453996,6743.0
AffectnetBalanced,best,models/tests/AffectnetBalanced/AffectnetBalanced_34,0.3748644888401031,1.3106143474578855,0.4182015061378479,1.2690837383270264,0.0001,0.7,1e-07,0.5,10,5,32,6,1057.8816788969998,6743.0
AffectnetBalanced,best,models/tests/AffectnetBalanced/AffectnetBalanced_35,0.266463428735733,1.518869400024414,0.25,1.4535980224609375,0.0001,0.8,1e-07,0.1,10,5,32,1,742.7576378759986,6743.0
AffectnetBalanced,best,models/tests/AffectnetBalanced/AffectnetBalanced_36,0.2939701974391937,1.438651204109192,0.265709638595581,1.438526272773743,0.0001,0.8,1e-07,0.2,10,5,32,2,806.1417008950011,6743.0
AffectnetBalanced,best,models/tests/AffectnetBalanced/AffectnetBalanced_37,0.2657859027385711,1.5210164785385132,0.25,1.4470442533493042,0.0001,0.8,1e-07,0.3,10,5,32,1,742.1899286929984,6743.0
AffectnetBalanced,best,models/tests/AffectnetBalanced/AffectnetBalanced_38,0.2694444358348846,1.5209548473358154,0.25,1.4516493082046509,0.0001,0.8,1e-07,0.4,10,5,32,1,744.3536843059992,6743.0
AffectnetBalanced,best,models/tests/AffectnetBalanced/AffectnetBalanced_39,0.2693766951560974,1.5222079753875732,0.25,1.4519827365875244,0.0001,0.8,1e-07,0.5,10,5,32,1,744.7891652809994,6743.0
AffectnetBalanced,best,models/tests/AffectnetBalanced/AffectnetBalanced_40,0.7114498615264893,0.7681823968887329,0.6977248191833496,0.8009980916976929,0.001,0.1,1e-07,0.1,10,5,32,27,2406.302775545002,6743.0
AffectnetBalanced,best,models/tests/AffectnetBalanced/AffectnetBalanced_41,0.7189024686813354,0.7526252865791321,0.7212892770767212,0.7565402388572693,0.001,0.1,1e-07,0.2,10,5,32,27,2413.309357846003,6743.0
AffectnetBalanced,best,models/tests/AffectnetBalanced/AffectnetBalanced_42,0.7432249188423157,0.6950014233589172,0.7321234941482544,0.7421159744262695,0.001,0.1,1e-07,0.3,10,5,32,49,3810.9246123590056,6743.0
AffectnetBalanced,best,models/tests/AffectnetBalanced/AffectnetBalanced_43,0.7098916172981262,0.7717240452766418,0.7101841568946838,0.7683538794517517,0.001,0.1,1e-07,0.4,10,5,32,27,2427.923427513997,6743.0
AffectnetBalanced,best,models/tests/AffectnetBalanced/AffectnetBalanced_44,0.7342818379402161,0.7154422998428345,0.7345612049102783,0.723137617111206,0.001,0.1,1e-07,0.5,10,5,32,47,3291.4641546330004,6743.0
AffectnetBalanced,best,models/tests/AffectnetBalanced/AffectnetBalanced_45,0.7122628688812256,0.7627267837524414,0.7147887349128723,0.7744261026382446,0.001,0.2,1e-07,0.1,10,5,32,39,2699.959543507,6743.0
AffectnetBalanced,best,models/tests/AffectnetBalanced/AffectnetBalanced_46,0.7287940382957458,0.726586103439331,0.7307692170143127,0.7328613996505737,0.001,0.2,1e-07,0.2,10,5,32,43,2913.692449233,6743.0
AffectnetBalanced,best,models/tests/AffectnetBalanced/AffectnetBalanced_47,0.7006775140762329,0.7837750315666199,0.6988082528114319,0.8087804913520813,0.001,0.2,1e-07,0.3,10,5,32,26,2019.467220313,6743.0
AffectnetBalanced,best,models/tests/AffectnetBalanced/AffectnetBalanced_48,0.7354335784912109,0.7023043036460876,0.737540602684021,0.7180977463722229,0.001,0.2,1e-07,0.4,10,5,32,54,3634.493720436,6743.0
AffectnetBalanced,best,models/tests/AffectnetBalanced/AffectnetBalanced_49,0.7366530895233154,0.7045995593070984,0.7445828914642334,0.7084780931472778,0.001,0.2,1e-07,0.5,10,5,32,53,3788.053736591,6743.0
AffectnetBalanced,best,models/tests/AffectnetBalanced/AffectnetBalanced_50,0.6876693964004517,0.8136006593704224,0.7047670483589172,0.7917348146438599,0.001,0.3,1e-07,0.1,10,5,32,27,2296.521218812002,6743.0
AffectnetBalanced,best,models/tests/AffectnetBalanced/AffectnetBalanced_51,0.6974254846572876,0.8055324554443359,0.7039545178413391,0.7915504574775696,0.001,0.3,1e-07,0.2,10,5,32,27,2252.3842592289984,6743.0
AffectnetBalanced,best,models/tests/AffectnetBalanced/AffectnetBalanced_52,0.7112466096878052,0.7489362359046936,0.710455060005188,0.7698870301246643,0.001,0.3,1e-07,0.3,10,5,32,53,3825.581912913003,6743.0
AffectnetBalanced,best,models/tests/AffectnetBalanced/AffectnetBalanced_53,0.714363157749176,0.7491925954818726,0.7332069277763367,0.7100517749786377,0.001,0.3,1e-07,0.4,10,5,32,51,3689.746281444997,6743.0
AffectnetBalanced,best,models/tests/AffectnetBalanced/AffectnetBalanced_54,0.7179539203643799,0.7362306118011475,0.7153304219245911,0.7425057888031006,0.001,0.3,1e-07,0.5,10,5,32,50,3470.5094318630004,6743.0
AffectnetBalanced,best,models/tests/AffectnetBalanced/AffectnetBalanced_55,0.6481029987335205,0.8940302729606628,0.6820151805877686,0.8391013145446777,0.001,0.4,1e-07,0.1,10,5,32,20,1745.7790275910006,6743.0
AffectnetBalanced,best,models/tests/AffectnetBalanced/AffectnetBalanced_56,0.6456639766693115,0.8952016234397888,0.6812025904655457,0.8136408925056458,0.001,0.4,1e-07,0.2,10,5,32,20,1736.608822493,6743.0
AffectnetBalanced,best,models/tests/AffectnetBalanced/AffectnetBalanced_57,0.6827913522720337,0.8099822402000427,0.7012459635734558,0.7874619364738464,0.001,0.4,1e-07,0.3,10,5,32,35,2601.902782826,6743.0
AffectnetBalanced,best,models/tests/AffectnetBalanced/AffectnetBalanced_58,0.6805555820465088,0.809975266456604,0.7115384340286255,0.7625669836997986,0.001,0.4,1e-07,0.4,10,5,32,37,2746.504877369,6743.0
AffectnetBalanced,best,models/tests/AffectnetBalanced/AffectnetBalanced_59,0.7044715285301208,0.7635247707366943,0.7199349999427795,0.7367357611656189,0.001,0.4,1e-07,0.5,10,5,32,52,3591.096705688,6743.0
AffectnetBalanced,best,models/tests/AffectnetBalanced/AffectnetBalanced_60,0.6654471755027771,0.8461245894432068,0.6925785541534424,0.8083585500717163,0.001,0.5,1e-07,0.1,10,5,32,35,2615.7668834429987,6743.0
AffectnetBalanced,best,models/tests/AffectnetBalanced/AffectnetBalanced_61,0.6609078645706177,0.8532503843307495,0.6733477711677551,0.8306239247322083,0.001,0.5,1e-07,0.2,10,5,32,31,2395.9575775099984,6743.0
AffectnetBalanced,best,models/tests/AffectnetBalanced/AffectnetBalanced_62,0.6319105625152588,0.9093595147132874,0.6635969877243042,0.8306681513786316,0.001,0.5,1e-07,0.3,10,5,32,21,1817.913007744999,6743.0
AffectnetBalanced,best,models/tests/AffectnetBalanced/AffectnetBalanced_63,0.674119234085083,0.832112193107605,0.6977248191833496,0.7734174728393555,0.001,0.5,1e-07,0.4,10,5,32,39,2868.5712996539987,6743.0
AffectnetBalanced,best,models/tests/AffectnetBalanced/AffectnetBalanced_64,0.6807588338851929,0.8022941946983337,0.7053087949752808,0.7589375972747803,0.001,0.5,1e-07,0.5,10,5,32,50,3477.98451608,6743.0
AffectnetBalanced,best,models/tests/AffectnetBalanced/AffectnetBalanced_65,0.5802845358848572,1.0090839862823486,0.6034669280052185,0.9764726758003236,0.001,0.6,1e-07,0.1,10,5,32,14,1418.7763382619996,6743.0
AffectnetBalanced,best,models/tests/AffectnetBalanced/AffectnetBalanced_66,0.6168021559715271,0.9424729943275452,0.6370530724525452,0.8952392339706421,0.001,0.6,1e-07,0.2,10,5,32,21,1840.2681759570005,6743.0
AffectnetBalanced,best,models/tests/AffectnetBalanced/AffectnetBalanced_67,0.6536585092544556,0.855148196220398,0.679848313331604,0.8032421469688416,0.001,0.6,1e-07,0.3,10,5,32,51,3665.698427108004,6743.0
AffectnetBalanced,best,models/tests/AffectnetBalanced/AffectnetBalanced_68,0.6559620499610901,0.8561734557151794,0.6871614456176758,0.7877970337867737,0.001,0.6,1e-07,0.4,10,5,32,43,3079.8127185970006,6743.0
AffectnetBalanced,best,models/tests/AffectnetBalanced/AffectnetBalanced_69,0.6526422500610352,0.8668022155761719,0.6817443370819092,0.7977019548416138,0.001,0.6,1e-07,0.5,10,5,32,35,2942.3805442189987,6743.0
AffectnetBalanced,best,models/tests/AffectnetBalanced/AffectnetBalanced_70,0.6288617849349976,0.90414160490036,0.6541169881820679,0.844525158405304,0.001,0.7,1e-07,0.1,10,5,32,56,4091.519675167,6743.0
AffectnetBalanced,best,models/tests/AffectnetBalanced/AffectnetBalanced_71,0.6308943033218384,0.8879480361938477,0.664138674736023,0.8257834315299988,0.001,0.7,1e-07,0.2,10,5,32,50,3846.993100883,6743.0
AffectnetBalanced,best,models/tests/AffectnetBalanced/AffectnetBalanced_72,0.621476948261261,0.9266605973243712,0.6503250002861023,0.8538300395011902,0.001,0.7,1e-07,0.3,10,5,32,34,2786.6712778619994,6743.0
AffectnetBalanced,best,models/tests/AffectnetBalanced/AffectnetBalanced_73,0.6252710223197937,0.8964062333106995,0.6576381325721741,0.8223296403884888,0.001,0.7,1e-07,0.4,10,5,32,51,3840.227197246,6743.0
AffectnetBalanced,best,models/tests/AffectnetBalanced/AffectnetBalanced_74,0.6302167773246765,0.9076048731803894,0.6576381325721741,0.8373660445213318,0.001,0.7,1e-07,0.5,10,5,32,43,3334.672857411,6743.0
AffectnetBalanced,best,models/tests/AffectnetBalanced/AffectnetBalanced_75,0.5706639289855957,1.0221054553985596,0.6088840961456299,0.9348791241645812,0.001,0.8,1e-07,0.1,10,5,32,31,2587.191233248999,6743.0
AffectnetBalanced,best,models/tests/AffectnetBalanced/AffectnetBalanced_76,0.3373983800411224,1.4619441032409668,0.2800650000572204,1.526974081993103,0.001,0.8,1e-07,0.2,10,5,32,4,917.4408041759998,6743.0
AffectnetBalanced,best,models/tests/AffectnetBalanced/AffectnetBalanced_77,0.3722222149372101,1.360403060913086,0.3550920784473419,1.4664474725723269,0.001,0.8,1e-07,0.3,10,5,32,6,1040.9645766360009,6743.0
AffectnetBalanced,best,models/tests/AffectnetBalanced/AffectnetBalanced_78,0.369037926197052,1.3613699674606323,0.309046596288681,1.582087755203247,0.001,0.8,1e-07,0.4,10,5,32,6,1046.9042627010022,6743.0
AffectnetBalanced,best,models/tests/AffectnetBalanced/AffectnetBalanced_79,0.5352981090545654,1.0770634412765503,0.5205850601196289,1.2834837436676023,0.001,0.8,1e-07,0.5,10,5,32,20,1915.71687765,6743.0
AffectnetBalanced,best,models/tests/AffectnetBalanced/AffectnetBalanced_80,0.6795393228530884,0.8573099970817566,0.703683614730835,0.810268759727478,0.005,0.1,1e-07,0.1,10,5,32,20,1937.3328001970003,6743.0
AffectnetBalanced,best,models/tests/AffectnetBalanced/AffectnetBalanced_81,0.7214092016220093,0.7572064399719238,0.6974539756774902,0.8163845539093018,0.005,0.1,1e-07,0.2,10,5,32,37,2984.266766926001,6743.0
AffectnetBalanced,best,models/tests/AffectnetBalanced/AffectnetBalanced_82,0.6724932193756104,0.8744121193885803,0.6817443370819092,0.8323493003845215,0.005,0.1,1e-07,0.3,10,5,32,18,1858.1833687149992,6743.0
AffectnetBalanced,best,models/tests/AffectnetBalanced/AffectnetBalanced_83,0.7329268455505371,0.7221890091896057,0.717768132686615,0.7617285847663879,0.005,0.1,1e-07,0.4,10,5,32,54,4117.367110829,6743.0
AffectnetBalanced,best,models/tests/AffectnetBalanced/AffectnetBalanced_84,0.7118563652038574,0.7710359692573547,0.6933911442756653,0.8177949786186218,0.005,0.1,1e-07,0.5,10,5,32,35,3114.127146534004,6743.0
AffectnetBalanced,best,models/tests/AffectnetBalanced/AffectnetBalanced_85,0.6585366129875183,0.8947699069976807,0.6847237348556519,0.8419396877288818,0.005,0.2,1e-07,0.1,10,5,32,16,1742.3814813460049,6743.0
AffectnetBalanced,best,models/tests/AffectnetBalanced/AffectnetBalanced_86,0.6083333492279053,0.9930286407470704,0.6470747590065002,0.8946261405944824,0.005,0.2,1e-07,0.2,10,5,32,14,1642.0408953610022,6743.0
AffectnetBalanced,best,models/tests/AffectnetBalanced/AffectnetBalanced_87,0.6954606771469116,0.7944574952125549,0.7180389761924744,0.7691271901130676,0.005,0.2,1e-07,0.3,10,5,32,36,2983.844738159998,6743.0
AffectnetBalanced,best,models/tests/AffectnetBalanced/AffectnetBalanced_88,0.6855013370513916,0.821851372718811,0.6966413855552673,0.7905638217926025,0.005,0.2,1e-07,0.4,10,5,32,27,2402.975849424998,6743.0
AffectnetBalanced,best,models/tests/AffectnetBalanced/AffectnetBalanced_89,0.7137534022331238,0.76585453748703,0.7112675905227661,0.7605699896812439,0.005,0.2,1e-07,0.5,10,5,32,43,3427.806740779997,6743.0
AffectnetBalanced,best,models/tests/AffectnetBalanced/AffectnetBalanced_90,0.6502032279968262,0.8993535041809082,0.6817443370819092,0.8397444486618042,0.005,0.3,1e-07,0.1,10,5,32,26,2543.347942589004,6743.0
AffectnetBalanced,best,models/tests/AffectnetBalanced/AffectnetBalanced_91,0.6627371311187744,0.8746914863586426,0.6977248191833496,0.8166027665138245,0.005,0.3,1e-07,0.2,10,5,32,27,2343.180501393,6743.0
AffectnetBalanced,best,models/tests/AffectnetBalanced/AffectnetBalanced_92,0.6847561001777649,0.8207935094833374,0.6809317469596863,0.8456916213035583,0.005,0.3,1e-07,0.3,10,5,32,35,2832.610598248,6743.0
AffectnetBalanced,best,models/tests/AffectnetBalanced/AffectnetBalanced_93,0.6764227747917175,0.8448370695114136,0.6885157227516174,0.8149333596229553,0.005,0.3,1e-07,0.4,10,5,32,27,2346.664550977,6743.0
AffectnetBalanced,best,models/tests/AffectnetBalanced/AffectnetBalanced_94,0.6651761531829834,0.8643454909324646,0.6760563254356384,0.8401950001716614,0.005,0.3,1e-07,0.5,10,5,32,32,2700.660267827,6743.0
AffectnetBalanced,best,models/tests/AffectnetBalanced/AffectnetBalanced_95,0.6531842947006226,0.8962575793266296,0.6738895177841187,0.8562443256378174,0.005,0.4,1e-07,0.1,10,5,32,26,2368.350373272,6743.0
AffectnetBalanced,best,models/tests/AffectnetBalanced/AffectnetBalanced_96,0.6674796938896179,0.8439438343048096,0.6779523491859436,0.8500592112541199,0.005,0.4,1e-07,0.2,10,5,32,37,3083.224733561001,6743.0
AffectnetBalanced,best,models/tests/AffectnetBalanced/AffectnetBalanced_97,0.6549457907676697,0.8712065815925598,0.6738895177841187,0.8421449661254883,0.005,0.4,1e-07,0.3,10,5,32,27,2438.748740709001,6743.0
AffectnetBalanced,best,models/tests/AffectnetBalanced/AffectnetBalanced_98,0.6839430928230286,0.8070459961891174,0.7012459635734558,0.7876655459403992,0.005,0.4,1e-07,0.4,10,5,32,51,3986.960080577999,6743.0
AffectnetBalanced,best,models/tests/AffectnetBalanced/AffectnetBalanced_99,0.6548780202865601,0.8749613761901855,0.6879739761352539,0.8188578486442566,0.005,0.4,1e-07,0.5,10,5,32,32,2762.140571984997,6743.0
AffectnetBalanced,best,models/tests/AffectnetBalanced/AffectnetBalanced_100,0.650677502155304,0.8878876566886902,0.6779523491859436,0.8271196484565735,0.005,0.5,1e-07,0.1,10,5,32,37,3114.5071003839985,6743.0
AffectnetBalanced,best,models/tests/AffectnetBalanced/AffectnetBalanced_101,0.6092140674591064,0.971572995185852,0.626218855381012,0.934236466884613,0.005,0.5,1e-07,0.2,10,5,32,15,1689.973020860998,6743.0
AffectnetBalanced,best,models/tests/AffectnetBalanced/AffectnetBalanced_102,0.6526422500610352,0.8862736225128174,0.6603466868400574,0.8594872355461121,0.005,0.5,1e-07,0.3,10,5,32,29,2594.2637658589992,6743.0
AffectnetBalanced,best,models/tests/AffectnetBalanced/AffectnetBalanced_103,0.6304877996444702,0.9168840050697328,0.6676598191261292,0.8407875299453735,0.005,0.5,1e-07,0.4,10,5,32,32,2809.683765838996,6743.0
AffectnetBalanced,best,models/tests/AffectnetBalanced/AffectnetBalanced_104,0.6138888597488403,0.959413766860962,0.6500541567802429,0.8879861235618591,0.005,0.5,1e-07,0.5,10,5,32,20,2101.973721360002,6743.0
AffectnetBalanced,best,models/tests/AffectnetBalanced/AffectnetBalanced_105,0.6243224740028381,0.928441047668457,0.6365113854408264,0.9196254014968872,0.005,0.6,1e-07,0.1,10,5,32,35,3014.047272980002,6743.0
AffectnetBalanced,best,models/tests/AffectnetBalanced/AffectnetBalanced_106,0.610162615776062,0.9473326206207277,0.6340736746788025,0.9040901064872742,0.005,0.6,1e-07,0.2,10,5,32,26,2425.6684204690027,6743.0
AffectnetBalanced,best,models/tests/AffectnetBalanced/AffectnetBalanced_107,0.643360435962677,0.8882790207862854,0.6527627110481262,0.8675609827041626,0.005,0.6,1e-07,0.3,10,5,32,42,3492.795092551998,6743.0
AffectnetBalanced,best,models/tests/AffectnetBalanced/AffectnetBalanced_108,0.6385501623153687,0.8984237313270569,0.6432827711105347,0.902011215686798,0.005,0.6,1e-07,0.4,10,5,32,43,3553.2691016850004,6743.0
AffectnetBalanced,best,models/tests/AffectnetBalanced/AffectnetBalanced_109,0.6450542211532593,0.8787292838096619,0.6649512648582458,0.8447629809379578,0.005,0.6,1e-07,0.5,10,5,32,50,4037.179925381999,6743.0
AffectnetBalanced,best,models/tests/AffectnetBalanced/AffectnetBalanced_110,0.5724254846572876,1.0135722160339355,0.5593174695968628,1.0602059364318848,0.005,0.7,1e-07,0.1,10,5,32,28,2596.618965407004,6743.0
AffectnetBalanced,best,models/tests/AffectnetBalanced/AffectnetBalanced_111,0.5485094785690308,1.0887998342514038,0.5812567472457886,1.0062068700790403,0.005,0.7,1e-07,0.2,10,5,32,20,2055.115163204995,6743.0
AffectnetBalanced,best,models/tests/AffectnetBalanced/AffectnetBalanced_112,0.5730352401733398,1.0297120809555054,0.6121343374252319,0.9721578359603882,0.005,0.7,1e-07,0.3,10,5,32,20,2063.389145508001,6743.0
AffectnetBalanced,best,models/tests/AffectnetBalanced/AffectnetBalanced_113,0.6068428158760071,0.947557270526886,0.6140303611755371,0.9448502659797668,0.005,0.7,1e-07,0.4,10,5,32,43,3595.838244625,6743.0
AffectnetBalanced,best,models/tests/AffectnetBalanced/AffectnetBalanced_114,0.574525773525238,1.0328022241592407,0.6151137351989746,0.9308789372444152,0.005,0.7,1e-07,0.5,10,5,32,21,2096.751334557,6743.0
AffectnetBalanced,best,models/tests/AffectnetBalanced/AffectnetBalanced_115,0.5560975670814514,1.0514644384384155,0.6013001203536987,0.9672912359237672,0.005,0.8,1e-07,0.1,10,5,32,26,2420.573557025001,6743.0
AffectnetBalanced,best,models/tests/AffectnetBalanced/AffectnetBalanced_116,0.5546748042106628,1.058613657951355,0.5663596987724304,1.0247868299484253,0.005,0.8,1e-07,0.2,10,5,32,36,3267.516496238999,6743.0
AffectnetBalanced,best,models/tests/AffectnetBalanced/AffectnetBalanced_117,0.521883487701416,1.1120809316635132,0.575839638710022,0.9995023012161256,0.005,0.8,1e-07,0.3,10,5,32,21,2260.989052238001,6743.0
AffectnetBalanced,best,models/tests/AffectnetBalanced/AffectnetBalanced_118,0.5733062624931335,1.0039981603622437,0.6056337952613831,0.925306499004364,0.005,0.8,1e-07,0.4,10,5,32,47,4116.808584693998,6743.0
AffectnetBalanced,best,models/tests/AffectnetBalanced/AffectnetBalanced_119,0.579878032207489,0.9848050475120544,0.6270314455032349,0.9101586937904358,0.005,0.8,1e-07,0.5,10,5,32,61,5128.371318412002,6743.0
AffectnetBalanced,best,models/tests/AffectnetBalanced/AffectnetBalanced_120,0.6086720824241638,1.0006715059280396,0.6454496383666992,0.934586763381958,0.01,0.1,1e-07,0.1,10,5,32,14,1769.9431997819993,6743.0
AffectnetBalanced,best,models/tests/AffectnetBalanced/AffectnetBalanced_121,0.6726964712142944,0.8766541481018066,0.6822860240936279,0.8447009325027466,0.01,0.1,1e-07,0.2,10,5,32,27,2695.46270489,6743.0
AffectnetBalanced,best,models/tests/AffectnetBalanced/AffectnetBalanced_122,0.7029132843017578,0.7918030023574829,0.7142470479011536,0.7744172811508179,0.01,0.1,1e-07,0.3,10,5,32,40,3642.896543648,6743.0
AffectnetBalanced,best,models/tests/AffectnetBalanced/AffectnetBalanced_123,0.6961382031440735,0.8063995242118835,0.6990790963172913,0.7968456149101257,0.01,0.1,1e-07,0.4,10,5,32,40,3649.854435125999,6743.0
AffectnetBalanced,best,models/tests/AffectnetBalanced/AffectnetBalanced_124,0.6832655668258667,0.8383210301399231,0.6890574097633362,0.8248834609985352,0.01,0.1,1e-07,0.5,10,5,32,27,2707.682233229003,6743.0
AffectnetBalanced,best,models/tests/AffectnetBalanced/AffectnetBalanced_125,0.6300135254859924,0.9464208483695984,0.6335319876670837,0.9477779865264891,0.01,0.2,1e-07,0.1,10,5,32,14,1480.153703331,6743.0
AffectnetBalanced,best,models/tests/AffectnetBalanced/AffectnetBalanced_126,0.6272357702255249,0.95863276720047,0.6625135540962219,0.8784763813018799,0.01,0.2,1e-07,0.2,10,5,32,14,1454.083688867,6743.0
AffectnetBalanced,best,models/tests/AffectnetBalanced/AffectnetBalanced_127,0.6834011077880859,0.8357857465744019,0.6703683733940125,0.873681366443634,0.01,0.2,1e-07,0.3,10,5,32,43,3162.8046499490006,6743.0
AffectnetBalanced,best,models/tests/AffectnetBalanced/AffectnetBalanced_128,0.687601625919342,0.8157850503921509,0.7034127712249756,0.8028339147567749,0.01,0.2,1e-07,0.4,10,5,32,53,3758.698303535,6743.0
AffectnetBalanced,best,models/tests/AffectnetBalanced/AffectnetBalanced_129,0.6852980852127075,0.8169676661491394,0.6866196990013123,0.8518534302711487,0.01,0.2,1e-07,0.5,10,5,32,51,3693.342075821,6743.0
AffectnetBalanced,best,models/tests/AffectnetBalanced/AffectnetBalanced_130,0.6529810428619385,0.8982956409454346,0.6497833132743835,0.9085372686386108,0.01,0.3,1e-07,0.1,10,5,32,28,2491.938690465,6743.0
AffectnetBalanced,best,models/tests/AffectnetBalanced/AffectnetBalanced_131,0.6592140793800354,0.8693392276763916,0.6638678312301636,0.8834826946258545,0.01,0.3,1e-07,0.2,10,5,32,35,2964.325348156999,6743.0
AffectnetBalanced,best,models/tests/AffectnetBalanced/AffectnetBalanced_132,0.5894308686256409,1.0277665853500366,0.6316359639167786,0.9328347444534302,0.01,0.3,1e-07,0.3,10,5,32,18,1835.755997375,6743.0
AffectnetBalanced,best,models/tests/AffectnetBalanced/AffectnetBalanced_133,0.6460704803466797,0.9000115394592285,0.6541169881820679,0.8766629099845886,0.01,0.3,1e-07,0.4,10,5,32,27,2415.346668905997,6743.0
AffectnetBalanced,best,models/tests/AffectnetBalanced/AffectnetBalanced_134,0.664159893989563,0.8566106557846069,0.6890574097633362,0.8240587711334229,0.01,0.3,1e-07,0.5,10,5,32,53,4062.065918711,6743.0
AffectnetBalanced,best,models/tests/AffectnetBalanced/AffectnetBalanced_135,0.6283197999000549,0.9304395318031312,0.6359696388244629,0.9214479923248292,0.01,0.4,1e-07,0.1,10,5,32,30,2620.445434915,6743.0
AffectnetBalanced,best,models/tests/AffectnetBalanced/AffectnetBalanced_136,0.6102303266525269,0.9621369242668152,0.6291982531547546,0.9357298016548156,0.01,0.4,1e-07,0.2,10,5,32,20,2652.302083576,6743.0
AffectnetBalanced,best,models/tests/AffectnetBalanced/AffectnetBalanced_137,0.5649728775024414,1.0678590536117554,0.6091549396514893,0.983013927936554,0.01,0.4,1e-07,0.3,10,5,32,15,1749.024508606999,6743.0
AffectnetBalanced,best,models/tests/AffectnetBalanced/AffectnetBalanced_138,0.6406503915786743,0.9079252481460572,0.629469096660614,0.955755054950714,0.01,0.4,1e-07,0.2,10,5,32,36,3170.5944896919973,6743.0
AffectnetBalanced,best,models/tests/AffectnetBalanced/AffectnetBalanced_139,0.63387531042099,0.9172508716583252,0.6340736746788025,0.9068633317947388,0.01,0.4,1e-07,0.4,10,5,32,27,2487.5959379880005,6743.0
AffectnetBalanced,best,models/tests/AffectnetBalanced/AffectnetBalanced_140,0.6512872576713562,0.8789339661598206,0.6719934940338135,0.8479083180427551,0.01,0.4,1e-07,0.5,10,5,32,47,3684.605789731002,6743.0
AffectnetBalanced,best,models/tests/AffectnetBalanced/AffectnetBalanced_141,0.5913956761360168,1.0119917392730713,0.6042795181274414,0.9851718544960022,0.01,0.5,1e-07,0.1,10,5,32,20,1971.327703062998,6743.0
AffectnetBalanced,best,models/tests/AffectnetBalanced/AffectnetBalanced_142,0.5428184270858765,1.1127028465270996,0.5907367467880249,1.007125735282898,0.01,0.5,1e-07,0.2,10,5,32,12,1457.2735000210014,6743.0
AffectnetBalanced,best,models/tests/AffectnetBalanced/AffectnetBalanced_143,0.6146341562271118,0.9419572949409484,0.6598049998283386,0.8628713488578796,0.01,0.5,1e-07,0.3,10,5,32,36,3003.632031647001,6743.0
AffectnetBalanced,best,models/tests/AffectnetBalanced/AffectnetBalanced_144,0.5740514993667603,1.038293480873108,0.6194474697113037,0.9561080932617188,0.01,0.5,1e-07,0.4,10,5,32,15,1678.4344533419935,6743.0
AffectnetBalanced,best,models/tests/AffectnetBalanced/AffectnetBalanced_145,0.6380758881568909,0.8990842700004578,0.643553614616394,0.8895291686058044,0.01,0.5,1e-07,0.5,10,5,32,48,3833.725958290997,6743.0
AffectnetBalanced,best,models/tests/AffectnetBalanced/AffectnetBalanced_146,0.5761517882347107,1.0226935148239136,0.5693390965461731,1.058418869972229,0.01,0.6,1e-07,0.1,10,5,32,24,2269.372787856999,6743.0
AffectnetBalanced,best,models/tests/AffectnetBalanced/AffectnetBalanced_147,0.5951896905899048,0.9892335534095764,0.5817984938621521,1.0171245336532593,0.01,0.6,1e-07,0.2,10,5,32,28,2549.2623213109982,6743.0
AffectnetBalanced,best,models/tests/AffectnetBalanced/AffectnetBalanced_148,0.5877371430397034,0.9920035004615784,0.6145720481872559,0.9680605530738832,0.01,0.6,1e-07,0.3,10,5,32,27,2472.83342598701,6743.0
AffectnetBalanced,best,models/tests/AffectnetBalanced/AffectnetBalanced_149,0.5632791519165039,1.0508804321289062,0.5923618674278259,0.9922710657119752,0.01,0.6,1e-07,0.4,10,5,32,18,1894.7156804359984,6743.0
AffectnetBalanced,best,models/tests/AffectnetBalanced/AffectnetBalanced_150,0.581842839717865,1.0241312980651855,0.598320722579956,1.006648063659668,0.01,0.6,1e-07,0.5,10,5,32,23,2231.523009676006,6743.0
AffectnetBalanced,best,models/tests/AffectnetBalanced/AffectnetBalanced_151,0.4985772371292114,1.172155499458313,0.5655471086502075,1.044839859008789,0.01,0.7,1e-07,0.1,10,5,32,14,1636.5280091589957,6743.0
AffectnetBalanced,best,models/tests/AffectnetBalanced/AffectnetBalanced_152,0.5242547392845154,1.1209769248962402,0.5590465664863586,1.0492722988128662,0.01,0.7,1e-07,0.2,10,5,32,18,2266.360846577998,6743.0
AffectnetBalanced,best,models/tests/AffectnetBalanced/AffectnetBalanced_153,0.5058943033218384,1.1706805229187012,0.5541712045669556,1.0785595178604126,0.01,0.7,1e-07,0.3,10,5,32,14,1522.022683847,6743.0
AffectnetBalanced,best,models/tests/AffectnetBalanced/AffectnetBalanced_154,0.5600948333740234,1.0440698862075806,0.5947995781898499,0.9946570992469788,0.01,0.7,1e-07,0.4,10,5,32,29,2398.15932524,6743.0
AffectnetBalanced,best,models/tests/AffectnetBalanced/AffectnetBalanced_155,0.5111111402511597,1.1596832275390625,0.5571506023406982,1.0468021631240845,0.01,0.7,1e-07,0.5,10,5,32,16,1604.5484046210004,6743.0
AffectnetBalanced,best,models/tests/AffectnetBalanced/AffectnetBalanced_156,0.5026422739028931,1.1379858255386353,0.5482123494148254,1.070250153541565,0.01,0.8,1e-07,0.1,10,5,32,32,2568.579274294,6743.0
AffectnetBalanced,best,models/tests/AffectnetBalanced/AffectnetBalanced_157,0.5151761770248413,1.125700831413269,0.5517334938049316,1.0700432062149048,0.01,0.8,1e-07,0.2,10,5,32,21,1909.747620004999,6743.0
AffectnetBalanced,best,models/tests/AffectnetBalanced/AffectnetBalanced_158,0.4655148983001709,1.2031835317611694,0.5102925300598145,1.1231954097747805,0.01,0.8,1e-07,0.3,10,5,32,17,1682.3193698000014,6743.0
AffectnetBalanced,best,models/tests/AffectnetBalanced/AffectnetBalanced_159,0.5195799469947815,1.1168546676635742,0.5433369278907776,1.075432062149048,0.01,0.8,1e-07,0.4,10,5,32,27,2296.9153474760005,6743.0
AffectnetBalanced,best,models/tests/AffectnetBalanced/AffectnetBalanced_160,0.5355691313743591,1.0820437669754028,0.566088855266571,1.0353323221206665,0.01,0.8,1e-07,0.5,10,5,32,43,3258.3439403620014,6743.0
AffectnetBalanced,best,models/tests/AffectnetBalanced/AffectnetBalanced_161,0.5071815848350525,1.154001235961914,0.5005416870117188,1.1599020957946775,0.05,0.1,1e-07,0.1,10,5,32,27,2374.445615072,6743.0
AffectnetBalanced,best,models/tests/AffectnetBalanced/AffectnetBalanced_162,0.5145664215087891,1.1419466733932495,0.5013542771339417,1.186741828918457,0.05,0.1,1e-07,0.2,10,5,32,21,1979.604463224001,6743.0
AffectnetBalanced,best,models/tests/AffectnetBalanced/AffectnetBalanced_163,0.3857723474502563,1.3192662000656128,0.4211809337139129,1.2774152755737305,0.05,0.1,1e-07,0.4,10,5,32,8,1071.0684826329998,6743.0
AffectnetBalanced,best,models/tests/AffectnetBalanced/AffectnetBalanced_164,0.510840117931366,1.1564085483551023,0.5143553614616394,1.1577017307281494,0.05,0.1,1e-07,0.3,10,5,32,27,2171.421507899,6743.0
AffectnetBalanced,best,models/tests/AffectnetBalanced/AffectnetBalanced_165,0.4926151633262634,1.17909836769104,0.5219393372535706,1.1275267601013184,0.05,0.1,1e-07,0.5,10,5,32,27,2216.8630504290004,6743.0
AffectnetBalanced,best,models/tests/AffectnetBalanced/AffectnetBalanced_166,0.433062344789505,1.255505919456482,0.4493499398231506,1.2487400770187378,0.05,0.2,1e-07,0.1,10,5,32,14,1530.003921134,6743.0
AffectnetBalanced,best,models/tests/AffectnetBalanced/AffectnetBalanced_167,0.4186991751194,1.2682970762252808,0.4358071386814117,1.2358068227767944,0.05,0.2,1e-07,0.2,10,5,32,14,1532.8032739540004,6743.0
AffectnetBalanced,best,models/tests/AffectnetBalanced/AffectnetBalanced_168,0.4350270926952362,1.2522858381271362,0.4661430120468139,1.1970908641815186,0.05,0.2,1e-07,0.3,10,5,32,16,1673.8137806819996,6743.0
AffectnetBalanced,best,models/tests/AffectnetBalanced/AffectnetBalanced_169,0.4478319883346557,1.233831524848938,0.4577464759349823,1.2025903463363647,0.05,0.2,1e-07,0.4,10,5,32,21,1957.444919201,6743.0
AffectnetBalanced,best,models/tests/AffectnetBalanced/AffectnetBalanced_170,0.4577913284301758,1.2132292985916138,0.4531419277191162,1.1721383333206177,0.05,0.2,1e-07,0.5,10,5,32,33,2711.816890766,6743.0
AffectnetBalanced,best,models/tests/AffectnetBalanced/AffectnetBalanced_171,0.3532520234584808,1.3631186485290527,0.3949079215526581,1.3014307022094729,0.05,0.3,1e-07,0.1,10,5,32,4,908.1400114770004,6743.0
AffectnetBalanced,best,models/tests/AffectnetBalanced/AffectnetBalanced_172,0.4775067865848541,1.1647669076919556,0.5094799399375916,1.0955766439437866,0.05,0.3,1e-07,0.2,10,5,32,49,3700.922258926,6743.0
AffectnetBalanced,best,models/tests/AffectnetBalanced/AffectnetBalanced_173,0.40873983502388,1.288264274597168,0.4433911144733429,1.232701063156128,0.05,0.3,1e-07,0.3,10,5,32,12,1427.3124616570003,6743.0
AffectnetBalanced,best,models/tests/AffectnetBalanced/AffectnetBalanced_174,0.4460704624652862,1.224711537361145,0.4599133133888244,1.1871567964553833,0.05,0.3,1e-07,0.4,10,5,32,28,2407.405003992999,6743.0
AffectnetBalanced,best,models/tests/AffectnetBalanced/AffectnetBalanced_175,0.4056910574436188,1.29887855052948,0.4504333734512329,1.2324073314666748,0.05,0.3,1e-07,0.5,10,5,32,9,1233.1678456139998,6743.0
AffectnetBalanced,best,models/tests/AffectnetBalanced/AffectnetBalanced_176,0.3656504154205322,1.3598837852478027,0.4065546989440918,1.2870872020721436,0.05,0.4,1e-07,0.1,10,5,32,4,907.1334134110002,6743.0
AffectnetBalanced,best,models/tests/AffectnetBalanced/AffectnetBalanced_177,0.362059623003006,1.328102946281433,0.3726977109909057,1.313482403755188,0.05,0.4,1e-07,0.2,10,5,32,14,1526.301757367999,6743.0
AffectnetBalanced,best,models/tests/AffectnetBalanced/AffectnetBalanced_178,0.4421409070491791,1.2248311042785645,0.4645178616046905,1.192986249923706,0.05,0.4,1e-07,0.3,10,5,32,27,2332.847724960997,6743.0
AffectnetBalanced,best,models/tests/AffectnetBalanced/AffectnetBalanced_179,0.4220867156982422,1.2487984895706177,0.4393282830715179,1.2133973836898804,0.05,0.4,1e-07,0.4,10,5,32,21,1963.067581063999,6743.0
AffectnetBalanced,best,models/tests/AffectnetBalanced/AffectnetBalanced_180,0.3478319644927978,1.343205213546753,0.3718851506710052,1.315579533576965,0.05,0.4,1e-07,0.5,10,5,32,12,1416.1335425109974,6743.0
AffectnetBalanced,best,models/tests/AffectnetBalanced/AffectnetBalanced_181,0.4242547452449798,1.270717740058899,0.4374322891235351,1.250916838645935,0.05,0.5,1e-07,0.1,10,5,32,20,1907.786834167,6743.0
AffectnetBalanced,best,models/tests/AffectnetBalanced/AffectnetBalanced_182,0.4174796640872955,1.2775602340698242,0.4417659938335418,1.2305108308792114,0.05,0.5,1e-07,0.2,10,5,32,14,1532.5568033609998,6743.0
AffectnetBalanced,best,models/tests/AffectnetBalanced/AffectnetBalanced_183,0.4439702033996582,1.2320947647094729,0.4653304517269134,1.189938187599182,0.05,0.5,1e-07,0.3,10,5,32,27,2367.227622385002,6743.0
AffectnetBalanced,best,models/tests/AffectnetBalanced/AffectnetBalanced_184,0.4450542032718658,1.2349003553390503,0.4482665359973907,1.198704719543457,0.05,0.5,1e-07,0.4,10,5,32,27,2418.6244203640017,6743.0
AffectnetBalanced,best,models/tests/AffectnetBalanced/AffectnetBalanced_185,0.4374661147594452,1.2406288385391235,0.4615384638309479,1.1890612840652466,0.05,0.5,1e-07,0.5,10,5,32,28,2454.0002136250005,6743.0
AffectnetBalanced,best,models/tests/AffectnetBalanced/AffectnetBalanced_186,0.4258130192756653,1.2685050964355469,0.4466413855552673,1.2126188278198242,0.05,0.6,1e-07,0.1,10,5,32,22,2060.869700148003,6743.0
AffectnetBalanced,best,models/tests/AffectnetBalanced/AffectnetBalanced_187,0.4302167892456054,1.2575141191482544,0.4628927409648895,1.183529496192932,0.05,0.6,1e-07,0.2,10,5,32,21,2043.408254903996,6743.0
AffectnetBalanced,best,models/tests/AffectnetBalanced/AffectnetBalanced_188,0.3990514874458313,1.3021785020828247,0.4458288252353668,1.2243860960006714,0.05,0.6,1e-07,0.3,10,5,32,14,1601.365890169,6743.0
AffectnetBalanced,best,models/tests/AffectnetBalanced/AffectnetBalanced_189,0.4439024329185486,1.2429990768432615,0.4601841866970062,1.1944293975830078,0.05,0.6,1e-07,0.4,10,5,32,27,2482.8018425830005,6743.0
AffectnetBalanced,best,models/tests/AffectnetBalanced/AffectnetBalanced_190,0.4100948572158813,1.290516376495361,0.4417659938335418,1.220272183418274,0.05,0.6,1e-07,0.5,10,5,32,20,2050.35901164,6743.0
AffectnetBalanced,best,models/tests/AffectnetBalanced/AffectnetBalanced_191,0.4339430928230285,1.2501261234283447,0.4612676203250885,1.2030341625213623,0.05,0.7,1e-07,0.1,10,5,32,35,2995.815856536001,6743.0
AffectnetBalanced,best,models/tests/AffectnetBalanced/AffectnetBalanced_192,0.3769647777080536,1.3183884620666504,0.4146803915500641,1.2567018270492554,0.05,0.7,1e-07,0.2,10,5,32,14,1626.1194785539992,6743.0
AffectnetBalanced,best,models/tests/AffectnetBalanced/AffectnetBalanced_193,0.4037940502166748,1.2829705476760864,0.428223192691803,1.2473838329315186,0.05,0.7,1e-07,0.3,10,5,32,21,2099.757412582001,6743.0
AffectnetBalanced,best,models/tests/AffectnetBalanced/AffectnetBalanced_194,0.4065040647983551,1.280996561050415,0.4498916566371918,1.228874921798706,0.05,0.7,1e-07,0.4,10,5,32,21,2091.883469925,6743.0
AffectnetBalanced,best,models/tests/AffectnetBalanced/AffectnetBalanced_195,0.3222899734973907,1.395521879196167,0.3716143071651459,1.328702688217163,0.05,0.7,1e-07,0.5,10,5,32,3,908.7489560159992,6743.0
AffectnetBalanced,best,models/tests/AffectnetBalanced/AffectnetBalanced_196,0.3046070337295532,1.4054189920425415,0.3656554818153381,1.3522210121154783,0.05,0.8,1e-07,0.1,10,5,32,3,905.5612380009989,6743.0
AffectnetBalanced,best,models/tests/AffectnetBalanced/AffectnetBalanced_197,0.3766260147094726,1.3168801069259644,0.4035753011703491,1.2925410270690918,0.05,0.8,1e-07,0.2,10,5,32,14,1645.6908805309977,6743.0
AffectnetBalanced,best,models/tests/AffectnetBalanced/AffectnetBalanced_198,0.4014905095100403,1.290966510772705,0.4182015061378479,1.2470715045928955,0.05,0.8,1e-07,0.3,10,5,32,20,2030.8001479160007,6743.0
AffectnetBalanced,best,models/tests/AffectnetBalanced/AffectnetBalanced_199,0.3580623269081116,1.3357162475585938,0.3708017468452453,1.29865825176239,0.05,0.8,1e-07,0.4,10,5,32,16,1776.3202489609976,6743.0
AffectnetBalanced,best,models/tests/AffectnetBalanced/AffectnetBalanced_200,0.3901084065437317,1.3032655715942383,0.4163055121898651,1.235344409942627,0.05,0.8,1e-07,0.5,10,5,32,20,2029.1086909899968,6743.0
