name,type,diretorio,accuracy,loss,val_accuracy,val_loss,l2,dropout,min_lr,factor,patience,patienceReduce,batch_size,epoch,time
AffectnetGray,best,models/tests/AffectnetGray/AffectnetGray_12,0.6293261051177979,0.9911965131759644,0.577204704284668,1.1719321012496948,0.0001,0.2,1e-06,0.2,10,5.0,32,20,767.0714678000077
AffectnetGray,last,models/tests/AffectnetGray/AffectnetGray_12,0.6504097580909729,0.9479080438613892,0.5918497443199158,1.2524734735488892,0.0001,0.2,1e-06,0.2,10,5.0,32,30,767.0714678000077
AffectnetGray,best,models/tests/AffectnetGray/AffectnetGray_13,0.6014798283576965,1.0496059656143188,0.5198981165885925,1.3008898496627808,0.0001,0.3,1e-06,0.2,10,5.0,32,21,1015.2798749000068
AffectnetGray,last,models/tests/AffectnetGray/AffectnetGray_13,0.6200175285339355,1.0141818523406982,0.5450493693351746,1.3240097761154177,0.0001,0.3,1e-06,0.2,10,5.0,32,31,1015.2798749000068
AffectnetGray,best,models/tests/AffectnetGray/AffectnetGray_14,0.4822181463241577,1.337820291519165,0.4597262144088745,1.2357871532440186,0.0001,0.4,1e-06,0.2,10,5.0,32,23,1430.4032544000074
AffectnetGray,last,models/tests/AffectnetGray/AffectnetGray_14,0.4886625707149505,1.3156936168670654,0.4320280253887176,1.2977747917175293,0.0001,0.4,1e-06,0.2,10,5.0,32,33,1430.4032544000074
AffectnetGray,best,models/tests/AffectnetGray/AffectnetGray_15,0.3272336721420288,1.576249599456787,0.3393823504447937,1.3957743644714355,0.0001,0.5,1e-06,0.2,10,5.0,32,10,758.7100274999975
AffectnetGray,last,models/tests/AffectnetGray/AffectnetGray_15,0.3935078382492065,1.4765363931655884,0.3336516916751861,1.5555024147033691,0.0001,0.5,1e-06,0.2,10,5.0,32,20,758.7100274999975
AffectnetGray,best,models/tests/AffectnetGray/AffectnetGray_16,0.3928713500499725,1.496907353401184,0.473416119813919,1.219208002090454,0.0001,0.6,1e-06,0.2,10,5.0,32,16,822.6756580000219
AffectnetGray,last,models/tests/AffectnetGray/AffectnetGray_16,0.5511178374290466,1.1806137561798096,0.527220606803894,1.228734016418457,0.0001,0.6,1e-06,0.2,10,5.0,32,26,822.6756580000219
AffectnetGray,best,models/tests/AffectnetGray/AffectnetGray_17,0.4394939839839935,1.4041718244552612,0.5214899778366089,1.1434415578842163,0.0001,0.7,1e-06,0.2,10,5.0,32,29,1233.984413500002
AffectnetGray,last,models/tests/AffectnetGray/AffectnetGray_17,0.4785583615303039,1.3318520784378052,0.4762814342975616,1.1932871341705322,0.0001,0.7,1e-06,0.2,10,5.0,32,39,1233.984413500002
AffectnetGray,best,models/tests/AffectnetGray/AffectnetGray_18,0.5318641066551208,1.25849187374115,0.430754542350769,1.379089117050171,0.001,0.2,1e-06,0.2,10,5.0,32,9,651.2950807999878
AffectnetGray,last,models/tests/AffectnetGray/AffectnetGray_18,0.615084707736969,1.0600769519805908,0.5565106868743896,1.4833924770355225,0.001,0.2,1e-06,0.2,10,5.0,32,19,651.2950807999878
AffectnetGray,best,models/tests/AffectnetGray/AffectnetGray_19,0.3966107070446014,1.5696547031402588,0.438713788986206,1.3500745296478271,0.001,0.3,1e-06,0.2,10,5.0,32,7,620.3684152999776
AffectnetGray,last,models/tests/AffectnetGray/AffectnetGray_19,0.5848516225814819,1.1433730125427246,0.5297675728797913,1.41939377784729,0.001,0.3,1e-06,0.2,10,5.0,32,17,620.3684152999776
AffectnetGray,best,models/tests/AffectnetGray/AffectnetGray_20,0.5692576766014099,1.1780247688293457,0.5536453127861023,1.2299244403839111,0.001,0.4,1e-06,0.2,10,5.0,32,20,1017.2429026000028
AffectnetGray,last,models/tests/AffectnetGray/AffectnetGray_20,0.6228021383285522,1.0430561304092407,0.5787965655326843,1.2664719820022583,0.001,0.4,1e-06,0.2,10,5.0,32,30,1017.2429026000028
AffectnetGray,best,models/tests/AffectnetGray/AffectnetGray_21,0.61341392993927,1.052815079689026,0.5425024032592773,1.2782186269760132,0.001,0.5,1e-06,0.2,10,5.0,32,28,1404.4519616999896
AffectnetGray,last,models/tests/AffectnetGray/AffectnetGray_21,0.6287692189216614,1.0092631578445437,0.5673352479934692,1.2885490655899048,0.001,0.5,1e-06,0.2,10,5.0,32,38,1404.4519616999896
AffectnetGray,best,models/tests/AffectnetGray/AffectnetGray_22,0.4648739099502563,1.418144941329956,0.4546322822570801,1.2827857732772827,0.001,0.6,1e-06,0.2,10,5.0,32,14,806.8464747999969
AffectnetGray,last,models/tests/AffectnetGray/AffectnetGray_22,0.589545726776123,1.1097731590270996,0.5345431566238403,1.3807915449142456,0.001,0.6,1e-06,0.2,10,5.0,32,24,806.8464747999969
AffectnetGray,best,models/tests/AffectnetGray/AffectnetGray_23,0.4264460206031799,1.3919633626937866,0.4657752215862274,1.3195855617523191,0.001,0.7,1e-06,0.2,10,5.0,32,19,921.4186932000156
AffectnetGray,last,models/tests/AffectnetGray/AffectnetGray_23,0.4951069951057434,1.2142446041107178,0.5689271092414856,1.709892511367798,0.001,0.7,1e-06,0.2,10,5.0,32,29,921.4186932000156
AffectnetGray,best,models/tests/AffectnetGray/AffectnetGray_24,0.5468215346336365,1.2652212381362915,0.5011143088340759,1.3998640775680542,0.005,0.2,1e-06,0.2,10,5.0,32,10,722.4184329000127
AffectnetGray,last,models/tests/AffectnetGray/AffectnetGray_24,0.6234385967254639,1.062545657157898,0.5822986364364624,1.8221378326416016,0.005,0.2,1e-06,0.2,10,5.0,32,20,722.4184329000127
AffectnetGray,best,models/tests/AffectnetGray/AffectnetGray_25,0.4932771027088165,1.405479073524475,0.5456860661506653,1.22352135181427,0.005,0.3,1e-06,0.2,10,5.0,32,10,670.7130462999921
AffectnetGray,last,models/tests/AffectnetGray/AffectnetGray_25,0.616357684135437,1.1002185344696045,0.561286211013794,1.3456335067749023,0.005,0.3,1e-06,0.2,10,5.0,32,20,670.7130462999921
AffectnetGray,best,models/tests/AffectnetGray/AffectnetGray_26,0.4364706873893738,1.5100247859954834,0.4555873870849609,1.304007053375244,0.005,0.4,1e-06,0.2,10,5.0,32,7,546.9623885999899
AffectnetGray,last,models/tests/AffectnetGray/AffectnetGray_26,0.585328996181488,1.1348344087600708,0.5023877620697021,1.3700650930404663,0.005,0.4,1e-06,0.2,10,5.0,32,17,546.9623885999899
AffectnetGray,best,models/tests/AffectnetGray/AffectnetGray_27,0.5040178298950195,1.3521710634231567,0.4727793633937835,1.2563846111297607,0.005,0.5,1e-06,0.2,10,5.0,32,11,717.1944644000032
AffectnetGray,last,models/tests/AffectnetGray/AffectnetGray_27,0.6002864241600037,1.1133897304534912,0.5561922788619995,1.3970534801483154,0.005,0.5,1e-06,0.2,10,5.0,32,21,717.1944644000032
AffectnetGray,best,models/tests/AffectnetGray/AffectnetGray_28,0.5422865748405457,1.254555583000183,0.5361350178718567,1.2352384328842163,0.005,0.6,1e-06,0.2,10,5.0,32,17,892.2319902000017
AffectnetGray,last,models/tests/AffectnetGray/AffectnetGray_28,0.5955127477645874,1.112874150276184,0.5561922788619995,1.2573637962341309,0.005,0.6,1e-06,0.2,10,5.0,32,27,892.2319902000017
AffectnetGray,best,models/tests/AffectnetGray/AffectnetGray_29,0.5560505986213684,1.1905041933059692,0.5415472984313965,1.20158052444458,0.005,0.7,1e-06,0.2,10,5.0,32,43,1709.9942701999971
AffectnetGray,last,models/tests/AffectnetGray/AffectnetGray_29,0.5708489418029785,1.1358842849731443,0.5049347281455994,1.2632291316986084,0.005,0.7,1e-06,0.2,10,5.0,32,53,1709.9942701999971
AffectnetGray,best,models/tests/AffectnetGray/AffectnetGray_30,0.5907391309738159,1.1439613103866575,0.5230818390846252,1.3272454738616943,0.01,0.2,1e-06,0.2,10,5.0,32,14,843.7519450000254
AffectnetGray,last,models/tests/AffectnetGray/AffectnetGray_30,0.6253480911254883,1.059476613998413,0.5307226777076721,1.3457101583480835,0.01,0.2,1e-06,0.2,10,5.0,32,24,843.7519450000254
AffectnetGray,best,models/tests/AffectnetGray/AffectnetGray_31,0.4141936600208282,1.5310585498809814,0.4492200016975403,1.300086259841919,0.01,0.3,1e-06,0.2,10,5.0,32,6,527.7131985999877
AffectnetGray,last,models/tests/AffectnetGray/AffectnetGray_31,0.5830217003822327,1.1568841934204102,0.4721426367759704,1.4380226135253906,0.01,0.3,1e-06,0.2,10,5.0,32,16,527.7131985999877
AffectnetGray,best,models/tests/AffectnetGray/AffectnetGray_32,0.591614305973053,1.1326167583465576,0.5603311061859131,1.2533392906188965,0.01,0.4,1e-06,0.2,10,5.0,32,19,898.8656570000167
AffectnetGray,last,models/tests/AffectnetGray/AffectnetGray_32,0.6111862659454346,1.0800851583480835,0.5663801431655884,1.3525683879852295,0.01,0.4,1e-06,0.2,10,5.0,32,29,898.8656570000167
AffectnetGray,best,models/tests/AffectnetGray/AffectnetGray_33,0.5598695278167725,1.1971464157104492,0.524992048740387,1.2592546939849854,0.01,0.5,1e-06,0.2,10,5.0,32,19,1065.823645299999
AffectnetGray,last,models/tests/AffectnetGray/AffectnetGray_33,0.5819874405860901,1.1420141458511353,0.5246737003326416,1.300270438194275,0.01,0.5,1e-06,0.2,10,5.0,32,29,1065.823645299999
AffectnetGray,best,models/tests/AffectnetGray/AffectnetGray_34,0.4461770951747894,1.395469069480896,0.4288443028926849,1.323538899421692,0.01,0.6,1e-06,0.2,10,5.0,32,18,1015.2711916000115
AffectnetGray,last,models/tests/AffectnetGray/AffectnetGray_34,0.5051316618919373,1.2738767862319946,0.4559057652950287,1.3358536958694458,0.01,0.6,1e-06,0.2,10,5.0,32,28,1015.2711916000115
AffectnetGray,best,models/tests/AffectnetGray/AffectnetGray_35,0.42962846159935,1.394955039024353,0.4785100221633911,1.2334187030792236,0.01,0.7,1e-06,0.2,10,5.0,32,22,1124.0170456000196
AffectnetGray,last,models/tests/AffectnetGray/AffectnetGray_35,0.4726708531379699,1.2929694652557373,0.4613180458545685,1.2993059158325195,0.01,0.7,1e-06,0.2,10,5.0,32,32,1124.0170456000196
AffectnetGray,best,models/tests/AffectnetGray/AffectnetGray_36,0.2398758828639984,1.6145288944244385,0.3282394111156463,1.3736087083816528,0.05,0.2,1e-06,0.2,10,5.0,32,23,1063.778287699999
AffectnetGray,last,models/tests/AffectnetGray/AffectnetGray_36,0.2456042617559433,1.6085710525512695,0.3075453639030456,1.3965343236923218,0.05,0.2,1e-06,0.2,10,5.0,32,33,1063.778287699999
AffectnetGray,best,models/tests/AffectnetGray/AffectnetGray_37,0.2280213236808776,1.6418691873550415,0.345431387424469,1.3625818490982056,0.05,0.3,1e-06,0.2,10,5.0,32,20,955.1988421000132
AffectnetGray,last,models/tests/AffectnetGray/AffectnetGray_37,0.2505370378494262,1.613589644432068,0.2785736918449402,1.4031660556793213,0.05,0.3,1e-06,0.2,10,5.0,32,30,955.1988421000132
AffectnetGray,best,models/tests/AffectnetGray/AffectnetGray_38,0.1935714781284332,1.6478008031845093,0.2340019047260284,1.4483214616775513,0.05,0.4,1e-06,0.2,10,5.0,32,18,1103.7157762999996
AffectnetGray,last,models/tests/AffectnetGray/AffectnetGray_38,0.1946057826280594,1.6419544219970703,0.2021649181842804,1.496735453605652,0.05,0.4,1e-06,0.2,10,5.0,32,28,1103.7157762999996
AffectnetGray,best,models/tests/AffectnetGray/AffectnetGray_39,0.1930941194295883,1.6835507154464722,0.2285896241664886,1.4544074535369873,0.05,0.5,1e-06,0.2,10,5.0,32,10,780.7819308000035
AffectnetGray,last,models/tests/AffectnetGray/AffectnetGray_39,0.1957196295261383,1.6441727876663208,0.2247691750526428,1.479051113128662,0.05,0.5,1e-06,0.2,10,5.0,32,20,780.7819308000035
AffectnetGray,best,models/tests/AffectnetGray/AffectnetGray_40,0.1860132068395614,1.6536846160888672,0.2168099284172058,1.4906376600265503,0.05,0.6,1e-06,0.2,10,5.0,32,16,853.5580724999891
AffectnetGray,last,models/tests/AffectnetGray/AffectnetGray_40,0.1995385438203811,1.642919421195984,0.2056669890880584,1.4933874607086182,0.05,0.6,1e-06,0.2,10,5.0,32,26,853.5580724999891
AffectnetGray,best,models/tests/AffectnetGray/AffectnetGray_41,0.268279105424881,1.597667932510376,0.3126392960548401,1.3837045431137085,0.05,0.7,1e-06,0.2,10,5.0,32,20,1006.2935797999962
AffectnetGray,last,models/tests/AffectnetGray/AffectnetGray_41,0.2903174459934234,1.58207368850708,0.2960840463638305,1.4197547435760498,0.05,0.7,1e-06,0.2,10,5.0,32,30,1006.2935797999962
AffectnetGray,best,models/tests/AffectnetGray/AffectnetGray_42,0.6293261051177979,0.9911965131759644,0.577204704284668,1.1719321012496948,0.0001,0.2,1e-05,0.2,10,5.0,32,20,876.263105400023
AffectnetGray,last,models/tests/AffectnetGray/AffectnetGray_42,0.6504097580909729,0.9479080438613892,0.5918497443199158,1.2524734735488892,0.0001,0.2,1e-05,0.2,10,5.0,32,30,876.263105400023
AffectnetGray,best,models/tests/AffectnetGray/AffectnetGray_43,0.5668708682060242,1.15782368183136,0.577204704284668,1.1733617782592771,0.0001,0.2,1e-06,0.2,10,5.0,32,12,628.917953600001
AffectnetGray,last,models/tests/AffectnetGray/AffectnetGray_43,0.6220861077308655,1.0076539516448977,0.5415472984313965,1.2642033100128174,0.0001,0.2,1e-06,0.2,10,5.0,32,22,628.917953600001
AffectnetGray,best,models/tests/AffectnetGray/AffectnetGray_44,0.4854005873203277,1.3481359481811523,0.5380452275276184,1.2199255228042605,0.0001,0.2,1e-07,0.2,10,5.0,32,7,525.2666994000028
AffectnetGray,last,models/tests/AffectnetGray/AffectnetGray_44,0.6061739325523376,1.0447452068328855,0.5383635759353638,1.285875916481018,0.0001,0.2,1e-07,0.2,10,5.0,32,17,525.2666994000028
AffectnetGray,best,models/tests/AffectnetGray/AffectnetGray_45,0.5196912884712219,1.2616727352142334,0.531677782535553,1.11211097240448,0.0001,0.2,1e-05,0.3,10,5.0,32,8,544.6344159000146
AffectnetGray,last,models/tests/AffectnetGray/AffectnetGray_45,0.6170737743377686,1.0234798192977903,0.4966571033000946,1.210277080535889,0.0001,0.2,1e-05,0.3,10,5.0,32,18,544.6344159000146
AffectnetGray,best,models/tests/AffectnetGray/AffectnetGray_46,0.6044235825538635,1.0413771867752075,0.5425024032592773,1.332766890525818,0.0001,0.2,1e-06,0.3,10,5.0,32,16,753.3228409000149
AffectnetGray,last,models/tests/AffectnetGray/AffectnetGray_46,0.6385551691055298,0.9805266857147216,0.5670168995857239,1.6997320652008057,0.0001,0.2,1e-06,0.3,10,5.0,32,26,753.3228409000149
AffectnetGray,best,models/tests/AffectnetGray/AffectnetGray_47,0.5664730668067932,1.107201337814331,0.5383635759353638,1.3903396129608154,0.0001,0.2,1e-07,0.3,10,5.0,32,15,728.6050647000084
AffectnetGray,last,models/tests/AffectnetGray/AffectnetGray_47,0.6095154881477356,1.025251388549805,0.5714740753173828,1.9692816734313965,0.0001,0.2,1e-07,0.3,10,5.0,32,25,728.6050647000084
AffectnetGray,best,models/tests/AffectnetGray/AffectnetGray_48,0.5465033054351807,1.1813030242919922,0.4998408257961273,1.3635262250900269,0.0001,0.2,1e-05,0.4,10,5.0,32,11,604.1061893000151
AffectnetGray,last,models/tests/AffectnetGray/AffectnetGray_48,0.6154029965400696,1.0222491025924685,0.5431391000747681,1.612809181213379,0.0001,0.2,1e-05,0.4,10,5.0,32,21,604.1061893000151
AffectnetGray,best,models/tests/AffectnetGray/AffectnetGray_49,0.5469806790351868,1.189824104309082,0.4498567283153534,1.3120613098144531,0.0001,0.2,1e-06,0.4,10,5.0,32,9,591.1690666000068
AffectnetGray,last,models/tests/AffectnetGray/AffectnetGray_49,0.6087198853492737,1.0477384328842163,0.5326329469680786,1.3414695262908936,0.0001,0.2,1e-06,0.4,10,5.0,32,19,591.1690666000068
AffectnetGray,best,models/tests/AffectnetGray/AffectnetGray_50,0.6142095923423767,1.0267149209976196,0.5230818390846252,1.1989561319351196,0.0001,0.2,1e-07,0.4,10,5.0,32,22,963.6755616999872
AffectnetGray,last,models/tests/AffectnetGray/AffectnetGray_50,0.6446813344955444,0.9650754928588868,0.613498866558075,1.3473238945007324,0.0001,0.2,1e-07,0.4,10,5.0,32,32,963.6755616999872
AffectnetGray,best,models/tests/AffectnetGray/AffectnetGray_51,0.5151563286781311,1.2466202974319458,0.4928366839885711,1.258098006248474,0.0001,0.2,1e-05,0.5,10,5.0,32,8,575.6855607999896
AffectnetGray,last,models/tests/AffectnetGray/AffectnetGray_51,0.5949558615684509,1.0730019807815552,0.5310410857200623,1.4178160429000854,0.0001,0.2,1e-05,0.5,10,5.0,32,18,575.6855607999896
AffectnetGray,best,models/tests/AffectnetGray/AffectnetGray_52,0.5929667949676514,1.0675818920135498,0.4664119780063629,1.2884973287582395,0.0001,0.2,1e-06,0.5,10,5.0,32,23,957.7316331000184
AffectnetGray,last,models/tests/AffectnetGray/AffectnetGray_52,0.620972216129303,0.9989662766456604,0.4931550323963165,1.3135844469070437,0.0001,0.2,1e-06,0.5,10,5.0,32,33,957.7316331000184
AffectnetGray,best,models/tests/AffectnetGray/AffectnetGray_53,0.6405441761016846,0.974386990070343,0.5425024032592773,1.2149741649627686,0.0001,0.2,1e-07,0.5,10,5.0,32,27,1069.1772766999784
AffectnetGray,last,models/tests/AffectnetGray/AffectnetGray_53,0.6587636470794678,0.9453473687171936,0.578478217124939,1.407152771949768,0.0001,0.2,1e-07,0.5,10,5.0,32,37,1069.1772766999784
AffectnetGray,best,models/tests/AffectnetGray/AffectnetGray_54,0.368684858083725,1.5244489908218384,0.4081502854824066,1.368420124053955,0.0001,0.7,1e-05,0.2,10,5.0,32,12,715.8557731999899
AffectnetGray,last,models/tests/AffectnetGray/AffectnetGray_54,0.4972551465034485,1.2479151487350464,0.5186246633529663,1.8956074714660645,0.0001,0.7,1e-05,0.2,10,5.0,32,22,715.8557731999899
AffectnetGray,best,models/tests/AffectnetGray/AffectnetGray_55,0.3666958510875702,1.5124882459640503,0.4202483296394348,1.2911014556884766,0.0001,0.7,1e-06,0.2,10,5.0,32,32,1292.1602663999947
AffectnetGray,last,models/tests/AffectnetGray/AffectnetGray_55,0.3772774338722229,1.4961695671081543,0.4036930799484253,1.3186007738113403,0.0001,0.7,1e-06,0.2,10,5.0,32,42,1292.1602663999947
AffectnetGray,best,models/tests/AffectnetGray/AffectnetGray_56,0.2051078081130981,1.888033509254456,0.1763769537210464,1.4343881607055664,0.0001,0.7,1e-07,0.2,10,5.0,32,1,372.659220099973
AffectnetGray,last,models/tests/AffectnetGray/AffectnetGray_56,0.1826716512441635,1.695528864860535,0.1706462949514389,1.5471831560134888,0.0001,0.7,1e-07,0.2,10,5.0,32,11,372.659220099973
AffectnetGray,best,models/tests/AffectnetGray/AffectnetGray_57,0.3820510804653168,1.4916150569915771,0.4489016234874725,1.2275367975234983,0.0001,0.7,1e-05,0.3,10,5.0,32,21,981.4252487000194
AffectnetGray,last,models/tests/AffectnetGray/AffectnetGray_57,0.471238762140274,1.310382604598999,0.4756447076797485,1.315467357635498,0.0001,0.7,1e-05,0.3,10,5.0,32,31,981.4252487000194
AffectnetGray,best,models/tests/AffectnetGray/AffectnetGray_58,0.4905720353126526,1.3267426490783691,0.4781916439533233,1.1834694147109983,0.0001,0.7,1e-06,0.3,10,5.0,32,26,1064.8874776000157
AffectnetGray,last,models/tests/AffectnetGray/AffectnetGray_58,0.5592330098152161,1.1511530876159668,0.473416119813919,1.3018144369125366,0.0001,0.7,1e-06,0.3,10,5.0,32,36,1064.8874776000157
AffectnetGray,best,models/tests/AffectnetGray/AffectnetGray_59,0.1949240267276764,1.8861392736434937,0.1693728119134903,1.4980510473251345,0.0001,0.7,1e-07,0.3,10,5.0,32,1,273.55261129999417
AffectnetGray,last,models/tests/AffectnetGray/AffectnetGray_59,0.1799665838479995,1.7030503749847412,0.1744667291641235,1.5092332363128662,0.0001,0.7,1e-07,0.3,10,5.0,32,11,273.55261129999417
AffectnetGray,best,models/tests/AffectnetGray/AffectnetGray_60,0.4947887659072876,1.2502092123031616,0.5109837651252747,1.3260955810546875,0.0001,0.7,1e-05,0.4,10,5.0,32,19,850.117419999995
AffectnetGray,last,models/tests/AffectnetGray/AffectnetGray_60,0.5301137566566467,1.18264901638031,0.5014326572418213,1.4089940786361694,0.0001,0.7,1e-05,0.4,10,5.0,32,29,850.117419999995
AffectnetGray,best,models/tests/AffectnetGray/AffectnetGray_61,0.1958787441253662,1.874349355697632,0.1693728119134903,1.4515645503997805,0.0001,0.7,1e-06,0.4,10,5.0,32,1,308.4264030000195
AffectnetGray,last,models/tests/AffectnetGray/AffectnetGray_61,0.2350226789712906,1.6616871356964111,0.2355937659740448,1.5064359903335571,0.0001,0.7,1e-06,0.4,10,5.0,32,11,308.4264030000195
AffectnetGray,best,models/tests/AffectnetGray/AffectnetGray_62,0.2139390558004379,1.882318019866944,0.2588347792625427,1.4577481746673584,0.0001,0.7,1e-07,0.4,10,5.0,32,1,646.0847593999933
AffectnetGray,last,models/tests/AffectnetGray/AffectnetGray_62,0.2342270612716674,1.6651819944381714,0.2400509417057037,1.469542145729065,0.0001,0.7,1e-07,0.4,10,5.0,32,11,646.0847593999933
AffectnetGray,best,models/tests/AffectnetGray/AffectnetGray_63,0.1977086514234542,1.7555030584335327,0.2381407171487808,1.4410595893859863,0.0001,0.7,1e-05,0.5,10,5.0,32,2,817.3365734000108
AffectnetGray,last,models/tests/AffectnetGray/AffectnetGray_63,0.2226907461881637,1.6766270399093628,0.1808341294527053,1.5357156991958618,0.0001,0.7,1e-05,0.5,10,5.0,32,12,817.3365734000108
AffectnetGray,best,models/tests/AffectnetGray/AffectnetGray_64,0.2073355019092559,1.872198462486267,0.3263292014598846,1.4236302375793457,0.0001,0.7,1e-06,0.5,10,5.0,32,1,487.8414410999976
AffectnetGray,last,models/tests/AffectnetGray/AffectnetGray_64,0.2660513818264007,1.639760136604309,0.2336835414171219,1.4385713338851929,0.0001,0.7,1e-06,0.5,10,5.0,32,11,487.8414410999976
AffectnetGray,best,models/tests/AffectnetGray/AffectnetGray_65,0.5245445370674133,1.213863968849182,0.5530086159706116,1.1867507696151731,0.0001,0.7,1e-07,0.5,10,5.0,32,30,1337.1695129
AffectnetGray,last,models/tests/AffectnetGray/AffectnetGray_65,0.5473784804344177,1.161393642425537,0.536453366279602,1.2379357814788818,0.0001,0.7,1e-07,0.5,10,5.0,32,40,1337.1695129
AffectnetGray,best,models/tests/AffectnetGray/AffectnetGray_66,0.206619456410408,1.936564326286316,0.1693728119134903,1.4711902141571045,0.0001,0.8,1e-05,0.2,10,5.0,32,1,383.3206099999952
AffectnetGray,last,models/tests/AffectnetGray/AffectnetGray_66,0.1747951358556747,1.7082921266555786,0.1693728119134903,1.5535622835159302,0.0001,0.8,1e-05,0.2,10,5.0,32,11,383.3206099999952
AffectnetGray,best,models/tests/AffectnetGray/AffectnetGray_67,0.1895138770341873,1.783658742904663,0.1712830364704132,1.462757587432861,0.0001,0.8,1e-06,0.2,10,5.0,32,2,400.9080334000173
AffectnetGray,last,models/tests/AffectnetGray/AffectnetGray_67,0.1764659136533737,1.7040374279022217,0.1693728119134903,1.5476865768432615,0.0001,0.8,1e-06,0.2,10,5.0,32,12,400.9080334000173
AffectnetGray,best,models/tests/AffectnetGray/AffectnetGray_68,0.2009706348180771,1.9063488245010376,0.1693728119134903,1.5316553115844729,0.0001,0.8,1e-07,0.2,10,5.0,32,1,422.6902305000112
AffectnetGray,last,models/tests/AffectnetGray/AffectnetGray_68,0.1849789172410965,1.70702064037323,0.1693728119134903,1.5541654825210571,0.0001,0.8,1e-07,0.2,10,5.0,32,11,422.6902305000112
AffectnetGray,best,models/tests/AffectnetGray/AffectnetGray_69,0.2020049393177032,1.9078969955444336,0.1693728119134903,1.472631573677063,0.0001,0.8,1e-05,0.3,10,5.0,32,1,415.1832928999793
AffectnetGray,last,models/tests/AffectnetGray/AffectnetGray_69,0.1763067841529846,1.7122544050216677,0.1693728119134903,1.5213994979858398,0.0001,0.8,1e-05,0.3,10,5.0,32,11,415.1832928999793
AffectnetGray,best,models/tests/AffectnetGray/AffectnetGray_70,0.2002545893192291,1.9167072772979736,0.1693728119134903,1.4726696014404297,0.0001,0.8,1e-06,0.3,10,5.0,32,1,381.36384279999766
AffectnetGray,last,models/tests/AffectnetGray/AffectnetGray_70,0.1779775619506836,1.712354063987732,0.1693728119134903,1.510453224182129,0.0001,0.8,1e-06,0.3,10,5.0,32,11,381.36384279999766
AffectnetGray,best,models/tests/AffectnetGray/AffectnetGray_71,0.1748746931552887,1.722037672996521,0.1693728119134903,1.5081539154052734,0.0001,0.8,1e-07,0.3,10,5.0,32,8,589.5049218000204
AffectnetGray,last,models/tests/AffectnetGray/AffectnetGray_71,0.1707375347614288,1.7003650665283203,0.1693728119134903,1.5257463455200195,0.0001,0.8,1e-07,0.3,10,5.0,32,18,589.5049218000204
AffectnetGray,best,models/tests/AffectnetGray/AffectnetGray_72,0.2017662525177002,1.9045273065567017,0.1693728119134903,1.4671180248260498,0.0001,0.8,1e-05,0.4,10,5.0,32,1,340.4581758000131
AffectnetGray,last,models/tests/AffectnetGray/AffectnetGray_72,0.1758294254541397,1.7111170291900637,0.1693728119134903,1.5352064371109009,0.0001,0.8,1e-05,0.4,10,5.0,32,11,340.4581758000131
AffectnetGray,best,models/tests/AffectnetGray/AffectnetGray_73,0.1950831413269043,1.9462889432907104,0.1696911752223968,1.4487146139144895,0.0001,0.8,1e-06,0.4,10,5.0,32,1,377.9616011999897
AffectnetGray,last,models/tests/AffectnetGray/AffectnetGray_73,0.1843424290418625,1.704006552696228,0.1693728119134903,1.5146474838256836,0.0001,0.8,1e-06,0.4,10,5.0,32,11,377.9616011999897
AffectnetGray,best,models/tests/AffectnetGray/AffectnetGray_75,0.4171374142169952,1.448918104171753,0.4205667078495025,1.30604350566864,0.0001,0.2,1e-05,0.1,10,2.0,32,29,848.2403763000038
AffectnetGray,last,models/tests/AffectnetGray/AffectnetGray_75,0.4276394248008728,1.437267184257507,0.4075135290622711,1.3240973949432373,0.0001,0.2,1e-05,0.1,10,2.0,32,39,848.2403763000038
AffectnetGray,best,models/tests/AffectnetGray/AffectnetGray_76,0.3168907761573791,1.5846508741378784,0.3425660729408264,1.4074679613113403,0.0001,0.2,1e-06,0.1,10,2.0,32,5,330.6805765000172
AffectnetGray,last,models/tests/AffectnetGray/AffectnetGray_76,0.3580237030982971,1.525409460067749,0.3444762825965881,1.425700306892395,0.0001,0.2,1e-06,0.1,10,2.0,32,15,330.6805765000172
AffectnetGray,best,models/tests/AffectnetGray/AffectnetGray_77,0.4153074920177459,1.4702489376068115,0.4578159749507904,1.268684983253479,0.0001,0.2,1e-07,0.1,10,2.0,32,6,359.7734813000425
AffectnetGray,last,models/tests/AffectnetGray/AffectnetGray_77,0.4468135833740234,1.4213367700576782,0.4262973666191101,1.3188976049423218,0.0001,0.2,1e-07,0.1,10,2.0,32,16,359.7734813000425
AffectnetGray,best,models/tests/AffectnetGray/AffectnetGray_78,0.2023231834173202,1.817231178283692,0.1709646582603454,1.50015389919281,0.0001,0.2,1e-05,0.2,10,2.0,32,1,246.11464870005148
AffectnetGray,last,models/tests/AffectnetGray/AffectnetGray_78,0.3783117234706878,1.4933679103851318,0.2944921851158142,1.8436859846115112,0.0001,0.2,1e-05,0.2,10,2.0,32,11,246.11464870005148
AffectnetGray,best,models/tests/AffectnetGray/AffectnetGray_79,0.4312196671962738,1.4321608543395996,0.4259789884090423,1.2860897779464722,0.0001,0.2,1e-06,0.2,10,2.0,32,8,397.0881099000108
AffectnetGray,last,models/tests/AffectnetGray/AffectnetGray_79,0.471636563539505,1.359732985496521,0.4272524714469909,1.308513045310974,0.0001,0.2,1e-06,0.2,10,2.0,32,18,397.0881099000108
AffectnetGray,best,models/tests/AffectnetGray/AffectnetGray_80,0.4664651155471802,1.3810559511184692,0.4441260695457458,1.2882384061813354,0.0001,0.2,1e-07,0.2,10,2.0,32,13,661.2004076000303
AffectnetGray,last,models/tests/AffectnetGray/AffectnetGray_80,0.472511738538742,1.353605031967163,0.4215218126773834,1.351058840751648,0.0001,0.2,1e-07,0.2,10,2.0,32,23,661.2004076000303
AffectnetGray,best,models/tests/AffectnetGray/AffectnetGray_81,0.4755350351333618,1.3671594858169556,0.4578159749507904,1.2788364887237549,0.0001,0.2,1e-05,0.3,10,2.0,32,7,533.8210812000325
AffectnetGray,last,models/tests/AffectnetGray/AffectnetGray_81,0.542445719242096,1.2194621562957764,0.4253422617912292,1.435238003730774,0.0001,0.2,1e-05,0.3,10,2.0,32,17,533.8210812000325
AffectnetGray,best,models/tests/AffectnetGray/AffectnetGray_82,0.3289840221405029,1.5935388803482056,0.4756447076797485,1.3025771379470823,0.0001,0.2,1e-06,0.3,10,2.0,32,4,454.05017340002814
AffectnetGray,last,models/tests/AffectnetGray/AffectnetGray_82,0.5521520972251892,1.1796622276306152,0.4530404210090637,1.3394094705581665,0.0001,0.2,1e-06,0.3,10,2.0,32,14,454.05017340002814
AffectnetGray,best,models/tests/AffectnetGray/AffectnetGray_83,0.5696554780006409,1.162092924118042,0.5482330322265625,1.1093733310699463,0.0001,0.2,1e-07,0.3,10,2.0,32,15,685.7509504000191
AffectnetGray,last,models/tests/AffectnetGray/AffectnetGray_83,0.5718832015991211,1.153589963912964,0.5390003323554993,1.1246047019958496,0.0001,0.2,1e-07,0.3,10,2.0,32,25,685.7509504000191
AffectnetGray,best,models/tests/AffectnetGray/AffectnetGray_84,0.5417296290397644,1.1918264627456665,0.5243552923202515,1.257042646408081,0.0001,0.2,1e-05,0.4,10,2.0,32,10,609.7018272999558
AffectnetGray,last,models/tests/AffectnetGray/AffectnetGray_84,0.5530272722244263,1.151907444000244,0.5103470087051392,1.299209713935852,0.0001,0.2,1e-05,0.4,10,2.0,32,20,609.7018272999558
AffectnetGray,best,models/tests/AffectnetGray/AffectnetGray_85,0.3674914538860321,1.5194289684295654,0.4027379751205444,1.3132619857788086,0.0001,0.2,1e-06,0.4,10,2.0,32,7,477.1685117000016
AffectnetGray,last,models/tests/AffectnetGray/AffectnetGray_85,0.4234226942062378,1.4473259449005127,0.3823623061180115,1.3928883075714111,0.0001,0.2,1e-06,0.4,10,2.0,32,17,477.1685117000016
AffectnetGray,best,models/tests/AffectnetGray/AffectnetGray_86,0.5533455610275269,1.1689083576202393,0.4957019984722137,1.2471634149551392,0.0001,0.2,1e-07,0.4,10,2.0,32,11,625.0100948000327
AffectnetGray,last,models/tests/AffectnetGray/AffectnetGray_86,0.5647227168083191,1.1520558595657349,0.4855141639709472,1.2911453247070312,0.0001,0.2,1e-07,0.4,10,2.0,32,21,625.0100948000327
AffectnetGray,best,models/tests/AffectnetGray/AffectnetGray_87,0.208290234208107,1.8036563396453853,0.282394140958786,1.4278883934020996,0.0001,0.2,1e-05,0.5,10,2.0,32,1,330.7400615999941
AffectnetGray,last,models/tests/AffectnetGray/AffectnetGray_87,0.3948603570461273,1.4497040510177612,0.310729056596756,1.6575669050216677,0.0001,0.2,1e-05,0.5,10,2.0,32,11,330.7400615999941
AffectnetGray,best,models/tests/AffectnetGray/AffectnetGray_88,0.565916121006012,1.1597260236740112,0.5456860661506653,1.2022640705108645,0.0001,0.2,1e-06,0.5,10,2.0,32,10,579.0156368000316
AffectnetGray,last,models/tests/AffectnetGray/AffectnetGray_88,0.5833399891853333,1.0986907482147217,0.5055714845657349,1.3032115697860718,0.0001,0.2,1e-06,0.5,10,2.0,32,20,579.0156368000316
AffectnetGray,best,models/tests/AffectnetGray/AffectnetGray_89,0.5064842104911804,1.250230312347412,0.4772365391254425,1.327642798423767,0.0001,0.2,1e-07,0.5,10,2.0,32,10,548.9673099999782
AffectnetGray,last,models/tests/AffectnetGray/AffectnetGray_89,0.5394223928451538,1.1917606592178345,0.475007951259613,1.400884032249451,0.0001,0.2,1e-07,0.5,10,2.0,32,20,548.9673099999782
AffectnetGray,best,models/tests/AffectnetGray/AffectnetGray_90,0.2002545893192291,1.874646067619324,0.1680993288755417,1.4442777633666992,0.0001,0.7,1e-05,0.1,10,2.0,32,1,294.127299499989
AffectnetGray,last,models/tests/AffectnetGray/AffectnetGray_90,0.1743973195552826,1.7160592079162598,0.1693728119134903,1.5313992500305176,0.0001,0.7,1e-05,0.1,10,2.0,32,11,294.127299499989
AffectnetGray,best,models/tests/AffectnetGray/AffectnetGray_91,0.2019253671169281,1.8831944465637207,0.1693728119134903,1.4825495481491089,0.0001,0.7,1e-06,0.1,10,2.0,32,1,285.6079613000038
AffectnetGray,last,models/tests/AffectnetGray/AffectnetGray_91,0.1747951358556747,1.718376874923706,0.1693728119134903,1.5230377912521362,0.0001,0.7,1e-06,0.1,10,2.0,32,11,285.6079613000038
AffectnetGray,best,models/tests/AffectnetGray/AffectnetGray_92,0.206858143210411,1.863552451133728,0.1693728119134903,1.4809149503707886,0.0001,0.7,1e-07,0.1,10,2.0,32,1,316.89637560001574
AffectnetGray,last,models/tests/AffectnetGray/AffectnetGray_92,0.1763067841529846,1.7195347547531128,0.1712830364704132,1.507117509841919,0.0001,0.7,1e-07,0.1,10,2.0,32,11,316.89637560001574
AffectnetGray,best,models/tests/AffectnetGray/AffectnetGray_93,0.1989020556211471,1.8720468282699585,0.1693728119134903,1.485917568206787,0.0001,0.7,1e-05,0.2,10,2.0,32,1,338.4369631999871
AffectnetGray,last,models/tests/AffectnetGray/AffectnetGray_93,0.1730447858572006,1.7134228944778442,0.1693728119134903,1.5215808153152466,0.0001,0.7,1e-05,0.2,10,2.0,32,11,338.4369631999871
AffectnetGray,best,models/tests/AffectnetGray/AffectnetGray_94,0.2036757171154022,1.8878357410430908,0.1693728119134903,1.4644567966461182,0.0001,0.7,1e-06,0.2,10,2.0,32,1,307.99382769997464
AffectnetGray,last,models/tests/AffectnetGray/AffectnetGray_94,0.1790914088487625,1.7074061632156372,0.1696911752223968,1.5310423374176023,0.0001,0.7,1e-06,0.2,10,2.0,32,11,307.99382769997464
AffectnetGray,best,models/tests/AffectnetGray/AffectnetGray_95,0.2051078081130981,1.88336181640625,0.3260108232498169,1.4123815298080444,0.0001,0.7,1e-07,0.2,10,2.0,32,1,303.64789969997946
AffectnetGray,last,models/tests/AffectnetGray/AffectnetGray_95,0.1789322942495346,1.7081763744354248,0.1693728119134903,1.531827092170715,0.0001,0.7,1e-07,0.2,10,2.0,32,11,303.64789969997946
AffectnetGray,best,models/tests/AffectnetGray/AffectnetGray_96,0.2007319629192352,1.8763532638549805,0.1693728119134903,1.4767926931381226,0.0001,0.7,1e-05,0.3,10,2.0,32,1,347.17056860000594
AffectnetGray,last,models/tests/AffectnetGray/AffectnetGray_96,0.1763863414525985,1.7082364559173584,0.1693728119134903,1.5218172073364258,0.0001,0.7,1e-05,0.3,10,2.0,32,11,347.17056860000594
AffectnetGray,best,models/tests/AffectnetGray/AffectnetGray_97,0.2031187862157821,1.896584749221801,0.1693728119134903,1.4635357856750488,0.0001,0.7,1e-06,0.3,10,2.0,32,1,328.4791360999807
AffectnetGray,last,models/tests/AffectnetGray/AffectnetGray_97,0.1748746931552887,1.706811547279358,0.1693728119134903,1.5304579734802246,0.0001,0.7,1e-06,0.3,10,2.0,32,11,328.4791360999807
AffectnetGray,best,models/tests/AffectnetGray/AffectnetGray_98,0.1776593178510666,1.7323174476623535,0.1875198930501938,1.4691905975341797,0.0001,0.7,1e-07,0.3,10,2.0,32,6,459.3039363999851
AffectnetGray,last,models/tests/AffectnetGray/AffectnetGray_98,0.1865701377391815,1.6817792654037476,0.1770136952400207,1.5316880941390991,0.0001,0.7,1e-07,0.3,10,2.0,32,16,459.3039363999851
AffectnetGray,best,models/tests/AffectnetGray/AffectnetGray_99,0.2008115202188491,1.887516021728516,0.1693728119134903,1.4502111673355105,0.0001,0.7,1e-05,0.4,10,2.0,32,1,301.99496530002216
AffectnetGray,last,models/tests/AffectnetGray/AffectnetGray_99,0.1750338077545166,1.711013913154602,0.1693728119134903,1.5459178686141968,0.0001,0.7,1e-05,0.4,10,2.0,32,11,301.99496530002216
AffectnetGray,best,models/tests/AffectnetGray/AffectnetGray_100,0.1973108500242233,1.6757639646530151,0.1792422831058502,1.4778438806533811,0.0001,0.7,1e-06,0.4,10,2.0,32,18,901.7847017999738
AffectnetGray,last,models/tests/AffectnetGray/AffectnetGray_100,0.1992202997207641,1.6765164136886597,0.1789239048957824,1.4796395301818848,0.0001,0.7,1e-06,0.4,10,2.0,32,28,901.7847017999738
AffectnetGray,best,models/tests/AffectnetGray/AffectnetGray_101,0.205982968211174,1.880015015602112,0.1693728119134903,1.51048743724823,0.0001,0.7,1e-07,0.4,10,2.0,32,1,336.2523508999729
AffectnetGray,last,models/tests/AffectnetGray/AffectnetGray_101,0.1891160756349563,1.6987190246582031,0.1709646582603454,1.5557994842529297,0.0001,0.7,1e-07,0.4,10,2.0,32,11,336.2523508999729
AffectnetGray,best,models/tests/AffectnetGray/AffectnetGray_102,0.2087676078081131,1.8742274045944207,0.3272843062877655,1.4355688095092771,0.0001,0.7,1e-05,0.5,10,2.0,32,1,330.7772646000376
AffectnetGray,last,models/tests/AffectnetGray/AffectnetGray_102,0.1801257133483886,1.6970198154449463,0.1738299876451492,1.556837558746338,0.0001,0.7,1e-05,0.5,10,2.0,32,11,330.7772646000376
AffectnetGray,best,models/tests/AffectnetGray/AffectnetGray_103,0.1984246969223022,1.6747500896453855,0.1833810955286026,1.4773473739624023,0.0001,0.7,1e-06,0.5,10,2.0,32,11,713.6186804000172
AffectnetGray,last,models/tests/AffectnetGray/AffectnetGray_103,0.2034370303153991,1.6678065061569214,0.1789239048957824,1.486503839492798,0.0001,0.7,1e-06,0.5,10,2.0,32,21,713.6186804000172
AffectnetGray,best,models/tests/AffectnetGray/AffectnetGray_104,0.1838650703430175,1.769301414489746,0.1693728119134903,1.5034193992614746,0.0001,0.7,1e-07,0.5,10,2.0,32,2,394.2044056000304
AffectnetGray,last,models/tests/AffectnetGray/AffectnetGray_104,0.1755907386541366,1.7031079530715942,0.1693728119134903,1.5170903205871582,0.0001,0.7,1e-07,0.5,10,2.0,32,12,394.2044056000304
AffectnetGray,best,models/tests/AffectnetGray/AffectnetGray_105,0.2023231834173202,1.9206582307815552,0.1693728119134903,1.4748501777648926,0.0001,0.8,1e-05,0.1,10,2.0,32,1,463.88455199997406
AffectnetGray,last,models/tests/AffectnetGray/AffectnetGray_105,0.1742382049560547,1.7269271612167358,0.1693728119134903,1.5187777280807495,0.0001,0.8,1e-05,0.1,10,2.0,32,11,463.88455199997406
AffectnetGray,best,models/tests/AffectnetGray/AffectnetGray_106,0.2074150741100311,1.9186148643493648,0.1693728119134903,1.4614830017089844,0.0001,0.8,1e-06,0.1,10,2.0,32,1,468.5042779999785
AffectnetGray,last,models/tests/AffectnetGray/AffectnetGray_106,0.1751133799552917,1.7254818677902222,0.1693728119134903,1.524552583694458,0.0001,0.8,1e-06,0.1,10,2.0,32,11,468.5042779999785
AffectnetGray,best,models/tests/AffectnetGray/AffectnetGray_108,0.2165645658969879,1.8003604412078855,0.32664754986763,1.4299333095550537,0.0001,0.2,1e-06,0.2,10,5.0,64,1,374.1346428000252
AffectnetGray,last,models/tests/AffectnetGray/AffectnetGray_108,0.5000397562980652,1.3137041330337524,0.345431387424469,1.627697229385376,0.0001,0.2,1e-06,0.2,10,5.0,64,11,374.1346428000252
AffectnetGray,best,models/tests/AffectnetGray/AffectnetGray_109,0.2165645658969879,1.8003604412078855,0.32664754986763,1.4299333095550537,0.0001,0.2,1e-06,0.2,10,2.0,64,1,379.2386872000061
AffectnetGray,last,models/tests/AffectnetGray/AffectnetGray_109,0.3419524133205414,1.557748556137085,0.3263292014598846,1.529253602027893,0.0001,0.2,1e-06,0.2,10,2.0,64,11,379.2386872000061
AffectnetGray,best,models/tests/AffectnetGray/AffectnetGray_110,0.2165645658969879,1.8003604412078855,0.32664754986763,1.4299333095550537,0.0001,0.2,1e-06,0.2,10,2.0,64,1,359.63052780000726
AffectnetGray,last,models/tests/AffectnetGray/AffectnetGray_110,0.3419524133205414,1.557748556137085,0.3263292014598846,1.529253602027893,0.0001,0.2,1e-06,0.2,10,2.0,64,11,359.63052780000726
AffectnetGray,best,models/tests/AffectnetGray/AffectnetGray_111,0.203914389014244,1.814240336418152,0.32664754986763,1.4140805006027222,0.0001,0.3,1e-06,0.2,10,2.0,64,1,358.81739939999534
AffectnetGray,last,models/tests/AffectnetGray/AffectnetGray_111,0.3065478503704071,1.5979223251342771,0.318688303232193,1.4420723915100098,0.0001,0.3,1e-06,0.2,10,2.0,64,11,358.81739939999534
AffectnetGray,best,models/tests/AffectnetGray/AffectnetGray_112,0.270188570022583,1.6363424062728882,0.3686724007129669,1.3853435516357422,0.0001,0.4,1e-06,0.2,10,2.0,64,8,579.979792499973
AffectnetGray,last,models/tests/AffectnetGray/AffectnetGray_112,0.3003421127796173,1.5931694507598877,0.3553008735179901,1.388612151145935,0.0001,0.4,1e-06,0.2,10,2.0,64,18,579.979792499973
AffectnetGray,best,models/tests/AffectnetGray/AffectnetGray_113,0.2915904223918915,1.6141360998153689,0.3836357891559601,1.3393913507461548,0.0001,0.5,1e-06,0.2,10,2.0,64,14,692.1506709000096
AffectnetGray,last,models/tests/AffectnetGray/AffectnetGray_113,0.3273132443428039,1.571877121925354,0.3702642321586609,1.3624589443206787,0.0001,0.5,1e-06,0.2,10,2.0,64,24,692.1506709000096
AffectnetGray,best,models/tests/AffectnetGray/AffectnetGray_114,0.2087676078081131,1.8461352586746216,0.2734797894954681,1.423531174659729,0.0001,0.6,1e-06,0.2,10,2.0,64,1,270.67255020001903
AffectnetGray,last,models/tests/AffectnetGray/AffectnetGray_114,0.1906277388334274,1.696982979774475,0.1719197779893875,1.5018006563186646,0.0001,0.6,1e-06,0.2,10,2.0,64,11,270.67255020001903
AffectnetGray,best,models/tests/AffectnetGray/AffectnetGray_115,0.2061420977115631,1.8895723819732664,0.3046800494194031,1.43906831741333,0.0001,0.7,1e-06,0.2,10,2.0,64,1,273.446684799972
AffectnetGray,last,models/tests/AffectnetGray/AffectnetGray_115,0.1736017167568206,1.719467282295227,0.1693728119134903,1.5186001062393188,0.0001,0.7,1e-06,0.2,10,2.0,64,11,273.446684799972
AffectnetGray,best,models/tests/AffectnetGray/AffectnetGray_116,0.3269154131412506,1.778876543045044,0.3209168910980224,1.647737979888916,0.001,0.2,1e-06,0.2,10,2.0,64,5,356.50935720000416
AffectnetGray,last,models/tests/AffectnetGray/AffectnetGray_116,0.373140275478363,1.689285159111023,0.3355619311332702,1.723519206047058,0.001,0.2,1e-06,0.2,10,2.0,64,15,356.50935720000416
AffectnetGray,best,models/tests/AffectnetGray/AffectnetGray_117,0.3769591748714447,1.6325128078460691,0.4415791034698486,1.3454407453536987,0.001,0.3,1e-06,0.2,10,2.0,64,8,461.0580470999703
AffectnetGray,last,models/tests/AffectnetGray/AffectnetGray_117,0.5242262482643127,1.3280129432678225,0.4450811743736267,1.4096622467041016,0.001,0.3,1e-06,0.2,10,2.0,64,18,461.0580470999703
AffectnetGray,best,models/tests/AffectnetGray/AffectnetGray_118,0.5051316618919373,1.3364967107772827,0.5055714845657349,1.2724601030349731,0.001,0.4,1e-06,0.2,10,2.0,64,12,672.5957003000076
AffectnetGray,last,models/tests/AffectnetGray/AffectnetGray_118,0.5387858748435974,1.2606463432312012,0.4871060252189636,1.3322466611862185,0.001,0.4,1e-06,0.2,10,2.0,64,22,672.5957003000076
AffectnetGray,best,models/tests/AffectnetGray/AffectnetGray_119,0.1856154054403305,2.015410900115967,0.1741483658552169,1.7378758192062378,0.001,0.5,1e-06,0.2,10,2.0,64,3,488.4101219000295
AffectnetGray,last,models/tests/AffectnetGray/AffectnetGray_119,0.2005728334188461,1.828235983848572,0.2008914351463318,1.8998771905899048,0.001,0.5,1e-06,0.2,10,2.0,64,13,488.4101219000295
AffectnetGray,best,models/tests/AffectnetGray/AffectnetGray_120,0.3453735411167145,1.59526526927948,0.3473415970802307,1.4406042098999023,0.001,0.6,1e-06,0.2,10,2.0,64,12,658.4527195999981
AffectnetGray,last,models/tests/AffectnetGray/AffectnetGray_120,0.3981223702430725,1.502666473388672,0.3365170359611511,1.5613563060760498,0.001,0.6,1e-06,0.2,10,2.0,64,22,658.4527195999981
AffectnetGray,best,models/tests/AffectnetGray/AffectnetGray_121,0.1836263835430145,1.9004024267196653,0.1693728119134903,1.7274054288864136,0.001,0.7,1e-06,0.2,10,2.0,64,12,630.1244509000098
AffectnetGray,last,models/tests/AffectnetGray/AffectnetGray_121,0.1821147203445434,1.8938648700714111,0.1693728119134903,1.730361819267273,0.001,0.7,1e-06,0.2,10,2.0,64,22,630.1244509000098
AffectnetGray,best,models/tests/AffectnetGray/AffectnetGray_122,0.6021163463592529,1.1735384464263916,0.5600127577781677,1.271867275238037,0.005,0.2,1e-06,0.2,10,2.0,64,13,665.9075503000058
AffectnetGray,last,models/tests/AffectnetGray/AffectnetGray_122,0.6041053533554077,1.1621904373168943,0.5517351031303406,1.3031984567642212,0.005,0.2,1e-06,0.2,10,2.0,64,23,665.9075503000058
AffectnetGray,best,models/tests/AffectnetGray/AffectnetGray_123,0.4816612303256988,1.4433759450912476,0.5243552923202515,1.2839692831039429,0.005,0.3,1e-06,0.2,10,2.0,64,9,522.4455896000145
AffectnetGray,last,models/tests/AffectnetGray/AffectnetGray_123,0.5929667949676514,1.1602206230163574,0.5093919038772583,1.3438193798065186,0.005,0.3,1e-06,0.2,10,2.0,64,19,522.4455896000145
AffectnetGray,best,models/tests/AffectnetGray/AffectnetGray_124,0.5394223928451538,1.2888163328170776,0.5307226777076721,1.2243393659591677,0.005,0.4,1e-06,0.2,10,2.0,64,20,885.7150264999946
AffectnetGray,last,models/tests/AffectnetGray/AffectnetGray_124,0.5427639484405518,1.2841838598251345,0.527220606803894,1.2412164211273191,0.005,0.4,1e-06,0.2,10,2.0,64,30,885.7150264999946
AffectnetGray,best,models/tests/AffectnetGray/AffectnetGray_125,0.5441164970397949,1.2548983097076416,0.5304043292999268,1.3547269105911257,0.005,0.5,1e-06,0.2,10,2.0,64,13,722.2363694999949
AffectnetGray,last,models/tests/AffectnetGray/AffectnetGray_125,0.5740313529968262,1.1835285425186155,0.4921999275684356,1.4396593570709229,0.005,0.5,1e-06,0.2,10,2.0,64,23,722.2363694999949
AffectnetGray,best,models/tests/AffectnetGray/AffectnetGray_126,0.3909618854522705,1.5139923095703125,0.4660935997962951,1.277589201927185,0.005,0.6,1e-06,0.2,10,2.0,64,13,660.6827583999839
AffectnetGray,last,models/tests/AffectnetGray/AffectnetGray_126,0.4500755965709686,1.4145206212997437,0.4122890830039978,1.3949930667877195,0.005,0.6,1e-06,0.2,10,2.0,64,23,660.6827583999839
AffectnetGray,best,models/tests/AffectnetGray/AffectnetGray_127,0.413636714220047,1.4755192995071411,0.4890162348747253,1.266026258468628,0.005,0.7,1e-06,0.2,10,2.0,64,19,880.2139790999936
AffectnetGray,last,models/tests/AffectnetGray/AffectnetGray_127,0.513405978679657,1.277670979499817,0.4183381199836731,1.4319308996200562,0.005,0.7,1e-06,0.2,10,2.0,64,29,880.2139790999936
AffectnetGray,best,models/tests/AffectnetGray/AffectnetGray_128,0.5144402980804443,1.4278346300125122,0.5221267342567444,1.3506629467010498,0.01,0.2,1e-06,0.2,10,2.0,64,7,547.573201399995
AffectnetGray,last,models/tests/AffectnetGray/AffectnetGray_128,0.5955923199653625,1.1617588996887207,0.5377268195152283,1.377800703048706,0.01,0.2,1e-06,0.2,10,2.0,64,17,547.573201399995
AffectnetGray,best,models/tests/AffectnetGray/AffectnetGray_129,0.4878669679164886,1.403541922569275,0.4864692687988281,1.3572771549224854,0.01,0.3,1e-06,0.2,10,2.0,64,8,580.2673127999878
AffectnetGray,last,models/tests/AffectnetGray/AffectnetGray_129,0.5329779386520386,1.310059666633606,0.4253422617912292,1.4945374727249146,0.01,0.3,1e-06,0.2,10,2.0,64,18,580.2673127999878
AffectnetGray,best,models/tests/AffectnetGray/AffectnetGray_130,0.5216802954673767,1.2944146394729614,0.4963387548923492,1.2771772146224976,0.01,0.4,1e-06,0.2,10,2.0,64,11,756.9951615000027
AffectnetGray,last,models/tests/AffectnetGray/AffectnetGray_130,0.5558119416236877,1.2140406370162964,0.4762814342975616,1.336561918258667,0.01,0.4,1e-06,0.2,10,2.0,64,21,756.9951615000027
AffectnetGray,best,models/tests/AffectnetGray/AffectnetGray_131,0.5168271064758301,1.3128383159637451,0.5208532214164734,1.196912407875061,0.01,0.5,1e-06,0.2,10,2.0,64,13,786.5329092000029
AffectnetGray,last,models/tests/AffectnetGray/AffectnetGray_131,0.5504813194274902,1.2290159463882446,0.4848774373531341,1.2781670093536377,0.01,0.5,1e-06,0.2,10,2.0,64,23,786.5329092000029
AffectnetGray,best,models/tests/AffectnetGray/AffectnetGray_132,0.4535762667655945,1.4064538478851318,0.4539955556392669,1.2815910577774048,0.01,0.6,1e-06,0.2,10,2.0,64,12,710.1117959999829
AffectnetGray,last,models/tests/AffectnetGray/AffectnetGray_132,0.5090301632881165,1.289844989776611,0.4409423768520355,1.374091625213623,0.01,0.6,1e-06,0.2,10,2.0,64,22,710.1117959999829
AffectnetGray,best,models/tests/AffectnetGray/AffectnetGray_133,0.4717956781387329,1.3559898138046265,0.4345749616622925,1.3340314626693726,0.01,0.7,1e-06,0.2,10,2.0,64,18,771.3753958999878
AffectnetGray,last,models/tests/AffectnetGray/AffectnetGray_133,0.4792743921279907,1.336774230003357,0.4183381199836731,1.366640567779541,0.01,0.7,1e-06,0.2,10,2.0,64,28,771.3753958999878
AffectnetGray,best,models/tests/AffectnetGray/AffectnetGray_134,0.3049566447734833,1.5902477502822876,0.3056351542472839,1.442900776863098,0.05,0.2,1e-06,0.2,10,2.0,64,15,738.2690579000046
AffectnetGray,last,models/tests/AffectnetGray/AffectnetGray_134,0.3044792711734772,1.5924699306488037,0.3021330833435058,1.4544967412948608,0.05,0.2,1e-06,0.2,10,2.0,64,25,738.2690579000046
AffectnetGray,best,models/tests/AffectnetGray/AffectnetGray_135,0.2024822980165481,1.6817742586135864,0.2687042355537414,1.4593671560287476,0.05,0.3,1e-06,0.2,10,2.0,64,8,610.2116673000273
AffectnetGray,last,models/tests/AffectnetGray/AffectnetGray_135,0.2167236804962158,1.638109803199768,0.2152180820703506,1.4992002248764038,0.05,0.3,1e-06,0.2,10,2.0,64,18,610.2116673000273
AffectnetGray,best,models/tests/AffectnetGray/AffectnetGray_136,0.2490253746509552,1.616382360458374,0.2973575294017792,1.417952060699463,0.05,0.4,1e-06,0.2,10,2.0,64,12,903.8614231999964
AffectnetGray,last,models/tests/AffectnetGray/AffectnetGray_136,0.2516508996486664,1.6042907238006592,0.2884431779384613,1.4413223266601562,0.05,0.4,1e-06,0.2,10,2.0,64,22,903.8614231999964
AffectnetGray,best,models/tests/AffectnetGray/AffectnetGray_137,0.2036757171154022,1.7129085063934326,0.2782553434371948,1.4381462335586548,0.05,0.5,1e-06,0.2,10,2.0,64,5,518.1153520999942
AffectnetGray,last,models/tests/AffectnetGray/AffectnetGray_137,0.2041530758142471,1.6476645469665527,0.2400509417057037,1.4707835912704468,0.05,0.5,1e-06,0.2,10,2.0,64,15,518.1153520999942
AffectnetGray,best,models/tests/AffectnetGray/AffectnetGray_138,0.1888774037361145,1.7195721864700315,0.2088506817817688,1.464668869972229,0.05,0.6,1e-06,0.2,10,2.0,64,5,479.2086106000352
AffectnetGray,last,models/tests/AffectnetGray/AffectnetGray_138,0.1817964762449264,1.6544475555419922,0.1789239048957824,1.5014233589172363,0.05,0.6,1e-06,0.2,10,2.0,64,15,479.2086106000352
AffectnetGray,best,models/tests/AffectnetGray/AffectnetGray_139,0.1829898953437805,1.7504342794418335,0.2750716209411621,1.4757986068725586,0.05,0.7,1e-06,0.2,10,2.0,64,4,483.2896700000274
AffectnetGray,last,models/tests/AffectnetGray/AffectnetGray_139,0.1840241849422454,1.650446534156799,0.1827443540096283,1.51573646068573,0.05,0.7,1e-06,0.2,10,2.0,64,14,483.2896700000274
AffectnetGray,best,models/tests/AffectnetGray/AffectnetGray_140,0.6250298619270325,1.00621497631073,0.5596943497657776,1.2556724548339844,0.0001,0.2,1e-06,0.2,10,5.0,16,21,765.9478631000384
AffectnetGray,last,models/tests/AffectnetGray/AffectnetGray_140,0.6356114149093628,0.9904115200042723,0.572747528553009,1.2905819416046145,0.0001,0.2,1e-06,0.2,10,5.0,16,31,765.9478631000384
AffectnetGray,best,models/tests/AffectnetGray/AffectnetGray_141,0.526056170463562,1.265976071357727,0.47628143429756165,1.2299975156784058,0.0001,0.2,1e-06,0.2,10,2.0,16,12,603.1397649999708
AffectnetGray,last,models/tests/AffectnetGray/AffectnetGray_141,0.5280451774597168,1.2546385526657104,0.4613180458545685,1.2819548845291138,0.0001,0.2,1e-06,0.2,10,2.0,16,22,603.1397649999708
